Rank Title Genre Director Year Runtime(Minutes) Rating Votes Revenue(Millions) Metascore,,
1 GuardiansoftheGalaxy Action,Adventure,Sci-Fi JamesGunn 2014 121 8.1 757074 333.13 76
2 Prometheus Adventure,Mystery,Sci-Fi RidleyScott 2012 124 7 485820 126.46 65
3 Split Horror,Thriller M.NightShyamalan 2016 117 7.3 157606 138.12 62,
4 Sing Animation,Comedy,Family ChristopheLourdelet 2016 108 7.2 60545 270.32 59
5 SuicideSquad Action,Adventure,Fantasy DavidAyer 2016 123 6.2 393727 325.02 40
6 TheGreatWall Action,Adventure,Fantasy YimouZhang 2016 103 6.1 56036 45.13 42
7 LaLaLand Comedy,Drama,Music DamienChazelle 2016 128 8.3 258682 151.06 93
8 Mindhorn Comedy SeanFoley 2016 89 6.4 2490 0 71,,
9 TheLostCityofZ Action,Adventure,Biography JamesGray 2016 141 7.1 7188 8.01 78
10 Passengers Adventure,Drama,Romance MortenTyldum 2016 116 7 192177 100.01 41
11 FantasticBeastsandWheretoFindThem Adventure,Family,Fantasy DavidYates 2016 133 7.5 232072 234.02 66
12 HiddenFigures Biography,Drama,History TheodoreMelfi 2016 127 7.8 93103 169.27 74
13 RogueOne Action,Adventure,Sci-Fi GarethEdwards 2016 133 7.9 323118 532.17 65
14 Moana Animation,Adventure,Comedy RonClements 2016 107 7.7 118151 248.75 81
15 Colossal Action,Comedy,Drama NachoVigalondo 2016 109 6.4 8612 2.87 70
16 TheSecretLifeofPets Animation,Adventure,Comedy ChrisRenaud 2016 87 6.6 120259 368.31 61
17 HacksawRidge Biography,Drama,History MelGibson 2016 139 8.2 211760 67.12 71
18 JasonBourne Action,Thriller PaulGreengrass 2016 123 6.7 150823 162.16 58,
19 Lion Biography,Drama GarthDavis 2016 118 8.1 102061 51.69 69,
20 Arrival Drama,Mystery,Sci-Fi DenisVilleneuve 2016 116 8 340798 100.5 81
21 Gold Adventure,Drama,Thriller StephenGaghan 2016 120 6.7 19053 7.22 49
22 ManchesterbytheSea Drama KennethLonergan 2016 137 7.9 134213 47.7 96,,
23 HoundsofLove Crime,Drama,Horror BenYoung 2016 108 6.7 1115 0 72
24 Trolls Animation,Adventure,Comedy WaltDohrn 2016 92 6.5 38552 153.69 56
25 IndependenceDay:Resurgence Action,Adventure,Sci-Fi RolandEmmerich 2016 120 5.3 127553 103.14 32
26 Parispiedsnus Comedy DominiqueAbel 2016 83 6.8 222 0 0,,
27 Bahubali:TheBeginning Action,Adventure,Drama S.S.Rajamouli 2015 159 8.3 76193 6.5 0
28 DeadAwake Horror,Thriller PhillipGuzman 2016 99 4.7 523 0.01 0,
29 BadMoms Comedy JonLucas 2016 100 6.2 66540 113.08 60,,
30 Assassin'sCreed Action,Adventure,Drama JustinKurzel 2016 115 5.9 112813 54.65 36
31 WhyHim, Comedy JohnHamburg 2016 111 6.3 48123 60.31 39,
32 NocturnalAnimals Drama,Thriller TomFord 2016 116 7.5 126030 10.64 67,
33 X-Men:Apocalypse Action,Adventure,Sci-Fi BryanSinger 2016 144 7.1 275510 155.33 52
34 Deadpool Action,Adventure,Comedy TimMiller 2016 108 8 627797 363.02 65
35 ResidentEvil:TheFinalChapter Action,Horror,Sci-Fi PaulW.S.Anderson 2016 107 5.6 46165 26.84 49
36 CaptainAmerica:CivilWar Action,Adventure,Sci-Fi AnthonyRusso 2016 147 7.9 411656 408.08 75
37 Interstellar Adventure,Drama,Sci-Fi ChristopherNolan 2014 169 8.6 1047747 187.99 74
38 DoctorStrange Action,Adventure,Fantasy ScottDerrickson 2016 115 7.6 293732 232.6 72
39 TheMagnificentSeven Action,Adventure,Western AntoineFuqua 2016 132 6.9 122853 93.38 54
40 5-25-77 Comedy,Drama PatrickReadJohnson 2007 113 7.1 241 0 0,
41 SausageParty Animation,Adventure,Comedy GregTiernan 2016 89 6.3 120690 97.66 66
42 Moonlight Drama BarryJenkins 2016 111 7.5 135095 27.85 99,,
43 Don'tFuckintheWoods Horror ShawnBurkett 2016 73 2.7 496 0 0,,
44 TheFounder Biography,Drama,History JohnLeeHancock 2016 115 7.2 37033 12.79 66
45 Lowriders Drama RicardodeMontreuil 2016 99 6.3 279 4.21 57,,
46 PiratesoftheCaribbean:OnStrangerTides Action,Adventure,Fantasy RobMarshall 2011 136 6.7 395025 241.06 45
47 MissSloane Drama,Thriller JohnMadden 2016 132 7.3 17818 3.44 64,
48 Fallen Adventure,Drama,Fantasy ScottHicks 2016 91 5.6 5103 0 0
49 StarTrekBeyond Action,Adventure,Sci-Fi JustinLin 2016 122 7.1 164567 158.8 68
50 TheLastFace Drama SeanPenn 2016 130 3.7 987 0 16,,
51 StarWars:EpisodeVII-TheForceAwakens Action,Adventure,Fantasy J.J.Abrams 2015 136 8.1 661608 936.63 81
52 Underworld:BloodWars Action,Adventure,Fantasy AnnaFoerster 2016 91 5.8 41362 30.35 23
53 Mother'sDay Comedy,Drama GarryMarshall 2016 118 5.6 20221 32.46 18,
54 JohnWick Action,Crime,Thriller ChadStahelski 2014 101 7.2 321933 43 68
55 TheDarkKnight Action,Crime,Drama ChristopherNolan 2008 152 9 1791916 533.32 82
56 Silence Adventure,Drama,History MartinScorsese 2016 161 7.3 49190 7.08 79
57 Don'tBreathe Crime,Horror,Thriller FedeAlvarez 2016 88 7.2 121103 89.21 71
58 MeBeforeYou Drama,Romance TheaSharrock 2016 106 7.4 113322 56.23 51,
59 TheirFinest Comedy,Drama,Romance LoneScherfig 2016 117 7 3739 3.18 76
60 Sully Biography,Drama ClintEastwood 2016 96 7.5 137608 125.07 74,
61 BatmanvSuperman:DawnofJustice Action,Adventure,Sci-Fi ZackSnyder 2016 151 6.7 472307 330.25 44
62 TheAutopsyofJaneDoe Horror,Mystery,Thriller Andreavredal 2016 86 6.8 35870 0 65
63 TheGirlontheTrain Crime,Drama,Mystery TateTaylor 2016 112 6.5 102177 75.31 48
64 FiftyShadesofGrey Drama,Romance,Thriller SamTaylor-Johnson 2015 125 4.1 244474 166.15 46
65 ThePrestige Drama,Mystery,Sci-Fi ChristopherNolan 2006 130 8.5 913152 53.08 66
66 Kingsman:TheSecretService Action,Adventure,Comedy MatthewVaughn 2014 129 7.7 440209 128.25 58
67 PatriotsDay Drama,History,Thriller PeterBerg 2016 133 7.4 39784 31.86 69
68 MadMax:FuryRoad Action,Adventure,Sci-Fi GeorgeMiller 2015 120 8.1 632842 153.63 90
69 Wakefield Drama RobinSwicord 2016 106 7.5 291 0.01 61,,
70 DeepwaterHorizon Action,Drama,Thriller PeterBerg 2016 107 7.2 89849 61.28 68
71 ThePromise Drama,History TerryGeorge 2016 133 5.9 149791 0 49,
72 Allied Action,Drama,Romance RobertZemeckis 2016 124 7.1 78079 40.07 60
73 AMonsterCalls Drama,Fantasy J.A.Bayona 2016 108 7.5 39134 3.73 76,
74 CollateralBeauty Drama,Romance DavidFrankel 2016 97 6.8 43977 30.98 23,
75 Zootopia Animation,Adventure,Comedy ByronHoward 2016 108 8.1 296853 341.26 78
76 PiratesoftheCaribbean:AtWorld'sEnd Action,Adventure,Fantasy GoreVerbinski 2007 169 7.1 498821 309.4 50
77 TheAvengers Action,Sci-Fi JossWhedon 2012 143 8.1 1045588 623.28 69,
78 InglouriousBasterds Adventure,Drama,War QuentinTarantino 2009 153 8.3 959065 120.52 69
79 PiratesoftheCaribbean:DeadMan'sChest Action,Adventure,Fantasy GoreVerbinski 2006 151 7.3 552027 423.03 53
80 Ghostbusters Action,Comedy,Fantasy PaulFeig 2016 116 5.3 147717 128.34 60
81 Inception Action,Adventure,Sci-Fi ChristopherNolan 2010 148 8.8 1583625 292.57 74
82 CaptainFantastic Comedy,Drama MattRoss 2016 118 7.9 105081 5.88 72,
83 TheWolfofWallStreet Biography,Comedy,Crime MartinScorsese 2013 180 8.2 865134 116.87 75
84 GoneGirl Crime,Drama,Mystery DavidFincher 2014 149 8.1 636243 167.74 79
85 FuriousSeven Action,Crime,Thriller JamesWan 2015 137 7.2 301249 350.03 67
86 JurassicWorld Action,Adventure,Sci-Fi ColinTrevorrow 2015 124 7 455169 652.18 59
87 LivebyNight Crime,Drama BenAffleck 2016 129 6.4 27869 10.38 49,
88 Avatar Action,Adventure,Fantasy JamesCameron 2009 162 7.8 935408 760.51 83
89 TheHatefulEight Crime,Drama,Mystery QuentinTarantino 2015 187 7.8 341170 54.12 68
90 TheAccountant Action,Crime,Drama GavinO'Connor 2016 128 7.4 162122 86.2 51
91 Prisoners Crime,Drama,Mystery DenisVilleneuve 2013 153 8.1 431185 60.96 74
92 Warcraft Action,Adventure,Fantasy DuncanJones 2016 123 7 187547 47.17 32
93 TheHelp Drama TateTaylor 2011 146 8.1 342429 169.71 62,,
94 WarDogs Comedy,Crime,Drama ToddPhillips 2016 114 7.1 106463 43.02 57
95 Avengers:AgeofUltron Action,Adventure,Sci-Fi JossWhedon 2015 141 7.4 516895 458.99 66
96 TheNiceGuys Action,Comedy,Crime ShaneBlack 2016 116 7.4 175067 36.25 70
97 Kiminonawa Animation,Drama,Fantasy MakotoShinkai 2016 106 8.6 34110 4.68 79
98 TheVoid Horror,Mystery,Sci-Fi JeremyGillespie 2016 90 5.8 9247 0.15 62
99 PersonalShopper Drama,Mystery,Thriller OlivierAssayas 2016 105 6.3 10181 1.29 77
100 TheDeparted Crime,Drama,Thriller MartinScorsese 2006 151 8.5 937414 132.37 85
101 Legend Biography,Crime,Drama BrianHelgeland 2015 132 7 108836 1.87 55
102 Thor Action,Adventure,Fantasy KennethBranagh 2011 115 7 570814 181.02 57
103 TheMartian Adventure,Drama,Sci-Fi RidleyScott 2015 144 8 556097 228.43 80
104 Contratiempo Crime,Mystery,Thriller OriolPaulo 2016 106 7.9 7204 0 0
105 TheManfromU.N.C.L.E. Action,Adventure,Comedy GuyRitchie 2015 116 7.3 202973 45.43 56
106 HellorHighWater Crime,Drama,Thriller DavidMackenzie 2016 102 7.7 115546 26.86 88
107 TheComedian Comedy TaylorHackford 2016 120 5.4 1954 1.66 40,,
108 TheLegendofTarzan Action,Adventure,Drama DavidYates 2016 110 6.3 117590 126.59 44
109 AllWeHad Drama KatieHolmes 2016 105 5.8 1004 0 48,,
110 ExMachina Drama,Mystery,Sci-Fi AlexGarland 2014 108 7.7 339797 25.44 78
111 TheBelkoExperiment Action,Horror,Thriller GregMcLean 2016 89 6.3 3712 10.16 44
112 12YearsaSlave Biography,Drama,History SteveMcQueen 2013 134 8.1 486338 56.67 96
113 TheBadBatch Romance,Sci-Fi AnaLilyAmirpour 2016 118 6.1 512 0 65,
114 300 Action,Fantasy,War ZackSnyder 2006 117 7.7 637104 210.59 52
115 HarryPotterandtheDeathlyHallows:Part2 Adventure,Drama,Fantasy DavidYates 2011 130 8.1 590595 380.96 87
116 OfficeChristmasParty Comedy JoshGordon 2016 105 5.8 30761 54.73 42,,
117 TheNeonDemon Horror,Thriller NicolasWindingRefn 2016 118 6.2 50359 1.33 51,
118 Dangal Action,Biography,Drama NiteshTiwari 2016 161 8.8 48969 11.15 0
119 10CloverfieldLane Drama,Horror,Mystery DanTrachtenberg 2016 104 7.2 192968 71.9 76
120 FindingDory Animation,Adventure,Comedy AndrewStanton 2016 97 7.4 157026 486.29 77
121 MissPeregrine'sHomeforPeculiarChildren Adventure,Drama,Family TimBurton 2016 127 6.7 101058 87.24 57
122 Divergent Adventure,Mystery,Sci-Fi NeilBurger 2014 139 6.7 362093 150.83 48
123 MikeandDaveNeedWeddingDates Adventure,Comedy,Romance JakeSzymanski 2016 98 6 53183 46.01 51
124 Boyka:UndisputedIV Action TodorChapkanov 2016 86 7.4 10428 0 0,,
125 TheDarkKnightRises Action,Thriller ChristopherNolan 2012 164 8.5 1222645 448.13 78,
126 TheJungleBook Adventure,Drama,Family JonFavreau 2016 106 7.5 198243 364 77
127 Transformers:AgeofExtinction Action,Adventure,Sci-Fi MichaelBay 2014 165 5.7 255483 245.43 32
128 Nerve Adventure,Crime,Mystery HenryJoost 2016 96 6.6 69651 38.56 58
129 MammaMia! Comedy,Family,Musical PhyllidaLloyd 2008 108 6.4 153481 143.7 51
130 TheRevenant Adventure,Drama,Thriller AlejandroGonzalez 2015 156 8 499424 183.64 76
131 Fences Drama DenzelWashington 2016 139 7.3 50953 57.64 79,,
132 IntotheWoods Adventure,Comedy,Drama RobMarshall 2014 125 6 109756 128 69
133 TheShallows Drama,Horror,Thriller JaumeCollet-Serra 2016 86 6.4 78328 55.12 59
134 Whiplash Drama,Music DamienChazelle 2014 107 8.5 477276 13.09 88,
135 Furious6 Action,Crime,Thriller JustinLin 2013 130 7.1 318051 238.67 61
136 ThePlaceBeyondthePines Crime,Drama,Thriller DerekCianfrance 2012 140 7.3 200090 21.38 68
137 NoCountryforOldMen Crime,Drama,Thriller EthanCoen 2007 122 8.1 660286 74.27 91
138 TheGreatGatsby Drama,Romance BazLuhrmann 2013 143 7.3 386102 144.81 55,
139 ShutterIsland Mystery,Thriller MartinScorsese 2010 138 8.1 855604 127.97 63,
140 Brimstone Mystery,Thriller,Western MartinKoolhoven 2016 148 7.1 13004 0 44
141 StarTrek Action,Adventure,Sci-Fi J.J.Abrams 2009 127 8 526324 257.7 82
142 DiaryofaWimpyKid Comedy,Family ThorFreudenthal 2010 94 6.2 34184 64 56,
143 TheBigShort Biography,Comedy,Drama AdamMcKay 2015 130 7.8 246360 70.24 81
144 Room Drama LennyAbrahamson 2015 118 8.2 224132 14.68 86,,
145 DjangoUnchained Drama,Western QuentinTarantino 2012 165 8.4 1039115 162.8 81,
146 Ah-ga-ssi Drama,Mystery,Romance Chan-wookPark 2016 144 8.1 33418 2.01 84
147 TheEdgeofSeventeen Comedy,Drama KellyFremonCraig 2016 104 7.4 47694 14.26 77,
148 Watchmen Action,Drama,Mystery ZackSnyder 2009 162 7.6 410249 107.5 56
149 Superbad Comedy GregMottola 2007 113 7.6 442082 121.46 76,,
150 Inferno Action,Adventure,Crime RonHoward 2016 121 6.2 97623 34.26 42
151 TheBFG Adventure,Family,Fantasy StevenSpielberg 2016 117 6.4 50853 55.47 66
152 TheHungerGames Adventure,Sci-Fi,Thriller GaryRoss 2012 142 7.2 735604 408 68
153 WhiteGirl Drama ElizabethWood 2016 88 5.8 4299 0.2 65,,
154 Sicario Action,Crime,Drama DenisVilleneuve 2015 121 7.6 243230 46.88 82
155 TwinPeaks:TheMissingPieces Drama,Horror,Mystery DavidLynch 2014 91 8.1 1973 0 0
156 AliensvsPredator-Requiem Action,Horror,Sci-Fi ColinStrause 2007 94 4.7 97618 41.8 29
157 PacificRim Action,Adventure,Sci-Fi GuillermodelToro 2013 131 7 400519 101.79 64
158 CrazyStupidLove Comedy,Drama,Romance GlennFicarra 2011 118 7.4 396714 84.24 68
159 ScottPilgrimvs.theWorld Action,Comedy,Fantasy EdgarWright 2010 112 7.5 291457 31.49 69
160 HotFuzz Action,Comedy,Mystery EdgarWright 2007 121 7.9 373244 23.62 81
161 Mine Thriller,War FabioGuaglione 2016 106 6 5926 0 40,
162 FreeFire Action,Comedy,Crime BenWheatley 2016 90 7 6946 1.8 63
163 X-Men:DaysofFuturePast Action,Adventure,Sci-Fi BryanSinger 2014 132 8 552298 233.91 74
164 JackReacher:NeverGoBack Action,Adventure,Crime EdwardZwick 2016 118 6.1 78043 58.4 47
165 CasinoRoyale Action,Adventure,Thriller MartinCampbell 2006 144 8 495106 167.01 80
166 Twilight Drama,Fantasy,Romance CatherineHardwicke 2008 122 5.2 361449 191.45 56
167 NowYouSeeMe2 Action,Adventure,Comedy JonM.Chu 2016 129 6.5 156567 65.03 46
168 WomaninGold Biography,Drama,History SimonCurtis 2015 109 7.3 39723 33.31 51
169 13Hours Action,Drama,History MichaelBay 2016 144 7.3 76935 52.82 48
170 Spectre Action,Adventure,Thriller SamMendes 2015 148 6.8 308981 200.07 60
171 Nightcrawler Crime,Drama,Thriller DanGilroy 2014 118 7.9 332476 32.28 76
172 KuboandtheTwoStrings Animation,Adventure,Family TravisKnight 2016 101 7.9 72778 48.02 84
173 BeyondtheGates Adventure,Horror JacksonStewart 2016 84 5.2 2127 0 59,
174 Her Drama,Romance,Sci-Fi SpikeJonze 2013 126 8 390531 25.56 90
175 Frozen Animation,Adventure,Comedy ChrisBuck 2013 102 7.5 451894 400.74 74
176 Tomorrowland Action,Adventure,Family BradBird 2015 130 6.5 143069 93.42 60
177 DawnofthePlanetoftheApes Action,Adventure,Drama MattReeves 2014 130 7.6 337777 208.54 79
178 TropicThunder Action,Comedy BenStiller 2008 107 7 321442 110.42 71,
179 TheConjuring2 Horror,Mystery,Thriller JamesWan 2016 134 7.4 137203 102.46 65
180 Ant-Man Action,Adventure,Comedy PeytonReed 2015 117 7.3 368912 180.19 64
181 BridgetJones'sBaby Comedy,Romance SharonMaguire 2016 118 6.7 43086 24.09 59,
182 TheVVitch:ANew-EnglandFolktale Horror,Mystery RobertEggers 2015 92 6.8 101781 25.14 83,
183 Cinderella Drama,Family,Fantasy KennethBranagh 2015 105 7 117018 201.15 67
184 Realive Sci-Fi MateoGil 2016 112 5.9 1176 0 0,,
185 Forushande Drama,Thriller AsgharFarhadi 2016 124 8 22389 3.4 85,
186 Love Drama,Romance Gaspar 2015 135 6 24003 0 51,
187 BillyLynn'sLongHalftimeWalk Drama,War AngLee 2016 113 6.3 11944 1.72 53,
188 CrimsonPeak Drama,Fantasy,Horror GuillermodelToro 2015 119 6.6 97454 31.06 66
189 Drive Crime,Drama NicolasWindingRefn 2011 100 7.8 461509 35.05 78,
190 Trainwreck Comedy,Drama,Romance JuddApatow 2015 125 6.3 106364 110.01 75
191 TheLightBetweenOceans Drama,Romance DerekCianfrance 2016 133 7.2 27382 12.53 60,
192 BelowHerMouth Drama AprilMullen 2016 94 5.6 1445 0 42,,
193 Spotlight Crime,Drama,History TomMcCarthy 2015 128 8.1 268282 44.99 93
194 Morgan Horror,Sci-Fi,Thriller LukeScott 2016 92 5.8 22107 3.91 48
195 Warrior Action,Drama,Sport GavinO'Connor 2011 140 8.2 355722 13.65 71
196 CaptainAmerica:TheFirstAvenger Action,Adventure,Sci-Fi JoeJohnston 2011 124 6.9 547368 176.64 66
197 Hacker Crime,Drama,Thriller AkanSatayev 2016 95 6.3 3799 0 0
198 IntotheWild Adventure,Biography,Drama SeanPenn 2007 148 8.1 459304 18.35 73
199 TheImitationGame Biography,Drama,Thriller MortenTyldum 2014 114 8.1 532353 91.12 73
200 CentralIntelligence Action,Comedy,Crime RawsonMarshall 2016 107 6.3 97082 127.38 52
201 EdgeofTomorrow Action,Adventure,Sci-Fi DougLiman 2014 113 7.9 471815 100.19 71
202 ACureforWellness Drama,Fantasy,Horror GoreVerbinski 2016 146 6.5 12193 8.1 47
203 Snowden Biography,Drama,Thriller OliverStone 2016 134 7.3 79855 21.48 58
204 IronMan Action,Adventure,Sci-Fi JonFavreau 2008 126 7.9 737719 318.3 79
205 Allegiant Action,Adventure,Mystery RobertSchwentke 2016 120 5.7 70504 66 33
206 X:FirstClass Action,Adventure,Sci-Fi MatthewVaughn 2011 132 7.8 550011 146.41 65
207 Raw(II) Drama,Horror JuliaDucournau 2016 99 7.5 5435 0.51 81,
208 Paterson Comedy,Drama,Romance JimJarmusch 2016 118 7.5 26089 2.14 90
209 Bridesmaids Comedy,Romance PaulFeig 2011 125 6.8 227912 169.08 75,
210 TheGirlwithAlltheGifts Drama,Horror,Thriller ColmMcCarthy 2016 111 6.7 23713 0 67
211 SanAndreas Action,Adventure,Drama BradPeyton 2015 114 6.1 161396 155.18 43
212 SpringBreakers Drama HarmonyKorine 2012 94 5.3 114290 14.12 63,,
213 Transformers Action,Adventure,Sci-Fi MichaelBay 2007 144 7.1 531112 318.76 61
214 OldBoy Action,Drama,Mystery SpikeLee 2013 104 5.8 54679 0 49
215 Thor:TheDarkWorld Action,Adventure,Fantasy AlanTaylor 2013 112 7 443584 206.36 54
216 GodsofEgypt Action,Adventure,Fantasy AlexProyas 2016 126 5.5 73568 31.14 25
217 CaptainAmerica:TheWinterSoldier Action,Adventure,Sci-Fi AnthonyRusso 2014 136 7.8 542362 259.75 70
218 MonsterTrucks Action,Adventure,Comedy ChrisWedge 2016 104 5.7 7044 33.04 41
219 ADarkSong Drama,Horror LiamGavin 2016 100 6.1 1703 0 67,
220 Kick-Ass Action,Comedy MatthewVaughn 2010 117 7.7 456749 48.04 66,
221 HardcoreHenry Action,Adventure,Sci-Fi IlyaNaishuller 2015 96 6.7 61098 9.24 51
222 Cars Animation,Adventure,Comedy JohnLasseter 2006 117 7.1 283445 244.05 73
223 ItFollows Horror,Mystery DavidRobertMitchell 2014 100 6.9 136399 14.67 83,
224 TheGirlwiththeDragonTattoo Crime,Drama,Mystery DavidFincher 2011 158 7.8 348551 102.52 71
225 We'retheMillers Comedy,Crime RawsonMarshall 2013 110 7 334867 150.37 44,
226 AmericanHoney Drama AndreaArnold 2016 163 7 19660 0.66 79,,
227 TheLobster Comedy,Drama,Romance YorgosLanthimos 2015 119 7.1 121313 8.7 82
228 Predators Action,Adventure,Sci-Fi NimrAntal 2010 107 6.4 179450 52 51
229 Maleficent Action,Adventure,Family RobertStromberg 2014 97 7 268877 241.41 56
230 Rupture Horror,Sci-Fi,Thriller StevenShainberg 2016 102 4.8 2382 0 35
231 Pan'sLabyrinth Drama,Fantasy,War GuillermodelToro 2006 118 8.2 498879 37.62 98
232 AKindofMurder Crime,Drama,Thriller AndyGoddard 2016 95 5.2 3305 0 50
233 Apocalypto Action,Adventure,Drama MelGibson 2006 139 7.8 247926 50.86 68
234 Mission:Impossible-RogueNation Action,Adventure,Thriller ChristopherMcQuarrie 2015 131 7.4 257472 195 75
235 TheHuntsman:Winter'sWar Action,Adventure,Drama CedricNicolas-Troyan 2016 114 6.1 66766 47.95 35
236 ThePerksofBeingaWallflower Drama,Romance StephenChbosky 2012 102 8 377336 17.74 67,
237 Jackie Biography,Drama,History PabloLarran 2016 100 6.8 41446 13.96 81
238 TheDisappointmentsRoom Drama,Horror,Thriller D.J.Caruso 2016 85 3.9 4895 2.41 31
239 TheGrandBudapestHotel Adventure,Comedy,Drama WesAnderson 2014 99 8.1 530881 59.07 88
240 TheHost Action,Adventure,Romance AndrewNiccol 2013 125 5.9 96852 26.62 35
241 Fury Action,Drama,War DavidAyer 2014 134 7.6 332234 85.71 64
242 InsideOut Animation,Adventure,Comedy PeteDocter 2015 95 8.2 416689 356.45 94
243 RockDog Animation,Adventure,Comedy AshBrannon 2016 90 5.8 1109 9.4 48
244 TerminatorGenisys Action,Adventure,Sci-Fi AlanTaylor 2015 126 6.5 205365 89.73 38
245 PercyJackson&theOlympians Adventure,Family,Fantasy ChrisColumbus 2010 118 5.9 148949 88.76 47
246 LesMisarables Drama,Musical,Romance TomHooper 2012 158 7.6 257426 148.78 63
247 ChildrenofMen Drama,Sci-Fi,Thriller AlfonsoCuaran 2006 109 7.9 382910 35.29 84
248 20thCenturyWomen Comedy,Drama MikeMills 2016 119 7.4 14708 5.66 83,
249 Spy Action,Comedy,Crime PaulFeig 2015 119 7.1 188017 110.82 75
250 TheIntouchables Biography,Comedy,Drama OlivierNakache 2011 112 8.6 557965 13.18 57
251 BonjourAnne Comedy,Drama,Romance EleanorCoppola 2016 92 4.9 178 0.32 50
252 Kynodontas Drama,Thriller YorgosLanthimos 2009 94 7.3 50946 0.11 73,
253 StraightOuttaCompton Biography,Drama,History F.GaryGray 2015 147 7.9 139831 161.03 72
254 TheAmazingSpider-Man2 Action,Adventure,Sci-Fi MarcWebb 2014 142 6.7 342183 202.85 53
255 TheConjuring Horror,Mystery,Thriller JamesWan 2013 112 7.5 330305 137.39 68
256 TheHangover Comedy ToddPhillips 2009 100 7.8 611563 277.31 73,,
257 Battleship Action,Adventure,Sci-Fi PeterBerg 2012 131 5.8 210349 65.17 41
258 RiseofthePlanetoftheApes Action,Drama,Sci-Fi RupertWyatt 2011 105 7.6 422290 176.74 68
259 LightsOut Horror DavidF.Sandberg 2016 81 6.4 69823 67.24 58,,
260 Norman:TheNewYorkFixer Drama,Thriller JosephCedar 2016 118 7.1 664 2.27 76,
261 Birdmanor Comedy,Drama,Romance AlejandroGonzlez 2014 119 7.8 440299 42.34 88
262 BlackSwan Drama,Thriller DarrenAronofsky 2010 108 8 581518 106.95 79,
263 DearWhitePeople Comedy,Drama JustinSimien 2014 108 6.2 21715 4.4 79,
264 Nymphomaniac:Vol.I Drama LarsvonTrier 2013 117 7 90556 0.79 64,,
265 TeenageMutantNinjaTurtles Action,Adventure,Comedy DaveGreen 2016 112 6 59312 0.54 40
266 KnockKnock Drama,Horror,Thriller EliRoth 2015 99 4.9 53441 0.03 53
267 DirtyGrandpa Comedy DanMazer 2016 102 6 75137 35.54 18,,
268 CloudAtlas Drama,Sci-Fi TomTykwer 2012 172 7.5 298651 27.1 55,
269 X-MenOrigins:Wolverine Action,Adventure,Sci-Fi GavinHood 2009 107 6.7 388447 179.88 40
270 Satanic Horror JeffreyG.Hunt 2016 85 3.7 2384 0 0,,
271 Skyfall Action,Adventure,Thriller SamMendes 2012 143 7.8 547386 304.36 81
272 TheHobbit:AnUnexpectedJourney Adventure,Fantasy PeterJackson 2012 169 7.9 668651 303 58,
273 21JumpStreet Action,Comedy,Crime PhilLord 2012 110 7.2 432046 138.45 69
274 SingStreet Comedy,Drama,Music JohnCarney 2016 106 8 52144 3.23 79
275 Ballerina Animation,Adventure,Comedy EricSummer 2016 89 6.8 4729 0 0
276 Oblivion Action,Adventure,Mystery JosephKosinski 2013 124 7 410125 89.02 54
277 22JumpStreet Action,Comedy,Crime PhilLord 2014 112 7.1 280110 191.62 71
278 Zodiac Crime,Drama,History DavidFincher 2007 157 7.7 329683 33.05 78
279 EverybodyWantsSome!! Comedy RichardLinklater 2016 117 7 36312 3.37 83,,
280 IronManThree Action,Adventure,Sci-Fi ShaneBlack 2013 130 7.2 591023 408.99 62
281 NowYouSeeMe Crime,Mystery,Thriller LouisLeterrier 2013 115 7.3 492324 117.7 50
282 SherlockHolmes Action,Adventure,Crime GuyRitchie 2009 128 7.6 501769 209.02 57
283 DeathProof Thriller QuentinTarantino 2007 113 7.1 220236 0 0,,
284 TheDanishGirl Biography,Drama,Romance TomHooper 2015 119 7 110773 12.71 66
285 Hercules Action,Adventure BrettRatner 2014 98 6 122838 72.66 47,
286 SuckerPunch Action,Fantasy ZackSnyder 2011 110 6.1 204874 36.38 33,
287 KeepingUpwiththeJoneses Action,Comedy GregMottola 2016 105 5.8 30405 14.9 34,
288 JupiterAscending Action,Adventure,Sci-Fi LanaWachowski 2015 127 5.3 150121 47.38 40
289 Masterminds Action,Comedy,Crime JaredHess 2016 95 5.8 26508 17.36 47
290 Iris Thriller JalilLespert 2016 99 6.1 726 0 0,,
291 Busanhaeng Action,Drama,Horror Sang-hoYeon 2016 118 7.5 58782 2.13 72
292 PitchPerfect Comedy,Music,Romance JasonMoore 2012 112 7.2 226631 65 66
293 Neighbors2:SororityRising Comedy NicholasStoller 2016 92 5.7 76327 55.29 58,,
294 TheException Drama DavidLeveaux 2016 107 7.7 96 0 0,,
295 ManofSteel Action,Adventure,Fantasy ZackSnyder 2013 143 7.1 577010 291.02 55
296 TheChoice Drama,Romance RossKatz 2016 111 6.6 20514 18.71 26,
297 IceAge:CollisionCourse Animation,Adventure,Comedy MikeThurmeier 2016 94 5.7 34523 64.06 34
298 TheDevilWearsPrada Comedy,Drama DavidFrankel 2006 109 6.8 302268 124.73 62,
299 TheInfiltrator Biography,Crime,Drama BradFurman 2016 127 7.1 43929 15.43 66
300 ThereWillBeBlood Drama,History PaulThomasAnderson 2007 158 8.1 400682 40.22 92,
301 TheEqualizer Action,Crime,Thriller AntoineFuqua 2014 132 7.2 249425 101.53 57
302 LoneSurvivor Action,Biography,Drama PeterBerg 2013 121 7.5 218996 125.07 60
303 TheCabinintheWoods Horror DrewGoddard 2012 95 7 295554 42.04 72,,
304 TheHouseBunny Comedy,Romance FredWolf 2008 97 5.5 67033 48.24 55,
305 She'sOutofMyLeague Comedy,Romance JimFieldSmith 2010 104 6.4 105619 31.58 46,
306 InherentVice Comedy,Crime,Drama PaulThomasAnderson 2014 148 6.7 69509 8.09 81
307 AliceThroughtheLookingGlass Adventure,Family,Fantasy JamesBobin 2016 113 6.2 57207 77.04 34
308 VincentNRoxxy Crime,Drama,Thriller GaryMichaelSchultz 2016 110 5.5 403 0 0
309 TheFastandtheFurious:TokyoDrift Action,Crime,Thriller JustinLin 2006 104 6 193479 62.49 45
310 HowtoBeSingle Comedy,Romance ChristianDitter 2016 110 6.1 59886 46.81 51,
311 TheBlindSide Biography,Drama,Sport JohnLeeHancock 2009 129 7.7 237221 255.95 53
312 Lavied'Adele Drama,Romance AbdellatifKechiche 2013 180 7.8 103150 2.2 88,
313 TheBabadook Drama,Horror JenniferKent 2014 93 6.8 132580 0.92 86,
314 TheHobbit:TheBattleoftheFiveArmies Adventure,Fantasy PeterJackson 2014 144 7.4 385598 255.11 59,
315 HarryPotterandtheOrderofthePhoenix Adventure,Family,Fantasy DavidYates 2007 138 7.5 385325 292 71
316 Snowpiercer Action,Drama,Sci-Fi BongJoonHo 2013 126 7 199048 4.56 84
317 The5thWave Action,Adventure,Sci-Fi JBlakeson 2016 112 5.2 73093 34.91 33
318 TheStakelander Action,Horror DanBerk 2016 81 5.3 1263 0 0,
319 TheVisit Comedy,Horror,Thriller M.NightShyamalan 2015 94 6.2 81429 65.07 55
320 FastFive Action,Crime,Thriller JustinLin 2011 131 7.3 300803 209.81 66
321 StepUp Crime,Drama,Music AnneFletcher 2006 104 6.5 95960 65.27 48
322 Lovesong Drama SoYongKim 2016 84 6.4 616 0.01 74,,
323 RocknRolla Action,Crime,Thriller GuyRitchie 2008 114 7.3 203096 5.69 53
324 InTime Action,Sci-Fi,Thriller AndrewNiccol 2011 109 6.7 319025 37.55 53
325 TheSocialNetwork Biography,Drama DavidFincher 2010 120 7.7 510100 96.92 95,
326 TheLastWitchHunter Action,Adventure,Fantasy BreckEisner 2015 106 6 71149 27.36 34
327 VictorFrankenstein Drama,Horror,Sci-Fi PaulMcGuigan 2015 110 6 37975 5.77 36
328 AStreetCatNamedBob Biography,Comedy,Drama RogerSpottiswoode 2016 103 7.4 12643 0.04 54
329 GreenRoom Crime,Horror,Thriller JeremySaulnier 2015 95 7 62885 3.22 79
330 Blackhat Crime,Drama,Mystery MichaelMann 2015 133 5.4 43085 7.1 51
331 Storks Animation,Adventure,Comedy NicholasStoller 2016 87 6.9 34248 72.66 56
332 AmericanSniper Action,Biography,Drama ClintEastwood 2014 133 7.3 353305 350.12 72
333 DallasBuyersClub Biography,Drama Jean-MarcValle 2013 117 8 352801 27.3 84,
334 Lincoln Biography,Drama,History StevenSpielberg 2012 150 7.4 207497 182.2 86
335 Rush Action,Biography,Drama RonHoward 2013 123 8.1 339722 26.9 75
336 BeforeIWake Drama,Fantasy,Horror MikeFlanagan 2016 97 6.1 18201 0 0
337 SilverLiningsPlaybook Comedy,Drama,Romance DavidO.Russell 2012 122 7.8 564364 132.09 81
338 Tracktown Drama,Sport AlexiPappas 2016 88 5.9 115 0 64,
339 TheFaultinOurStars Drama,Romance JoshBoone 2014 126 7.8 271301 124.87 69,
340 Blended Comedy,Romance FrankCoraci 2014 117 6.5 93764 46.28 31,
341 Fast&Furious Action,Crime,Thriller JustinLin 2009 107 6.6 217464 155.02 46
342 Looper Action,Crime,Drama RianJohnson 2012 119 7.4 452369 66.47 84
343 WhiteHouseDown Action,Drama,Thriller RolandEmmerich 2013 131 6.4 173320 73.1 52
344 Pete'sDragon Adventure,Family,Fantasy DavidLowery 2016 102 6.8 36322 76.2 71
345 Spider-Man3 Action,Adventure SamRaimi 2007 139 6.2 406219 336.53 59,
346 TheThreeMusketeers Action,Adventure,Romance PaulW.S.Anderson 2011 110 5.8 92329 20.32 35
347 Stardust Adventure,Family,Fantasy MatthewVaughn 2007 127 7.7 220664 38.35 66
348 AmericanHustle Crime,Drama DavidO.Russell 2013 138 7.3 379088 150.12 90,
349 Jennifer'sBody Comedy,Horror KarynKusama 2009 102 5.1 96617 16.2 47,
350 MidnightinParis Comedy,Fantasy,Romance WoodyAllen 2011 94 7.7 320323 56.82 81
351 LadyMacbeth Drama WilliamOldroyd 2016 89 7.3 1396 0 83,,
352 Joy Drama DavidO.Russell 2015 124 6.6 97679 56.44 56,,
353 TheDressmaker Comedy,Drama JocelynMoorhouse 2015 119 7.1 33352 2.02 47,
354 CafeSociety Comedy,Drama,Romance WoodyAllen 2016 96 6.7 45579 11.08 64
355 Insurgent Adventure,Sci-Fi,Thriller RobertSchwentke 2015 119 6.3 171970 130 42
356 SeventhSon Action,Adventure,Fantasy SergeiBodrov 2014 102 5.5 59958 17.18 30
357 Demaintoutcommence Comedy,Drama HugoGalin 2016 118 7.4 5496 0 0,
358 TheTheoryofEverything Biography,Drama,Romance JamesMarsh 2014 123 7.7 299718 35.89 72
359 ThisIstheEnd Comedy,Fantasy EvanGoldberg 2013 107 6.6 327838 101.47 67,
360 AboutTime Comedy,Drama,Fantasy RichardCurtis 2013 123 7.8 221600 15.29 55
361 StepBrothers Comedy AdamMcKay 2008 98 6.9 223065 100.47 51,,
362 Clown Horror,Thriller JonWatts 2014 100 5.7 14248 0.05 42,
363 StarTrekIntoDarkness Action,Adventure,Sci-Fi J.J.Abrams 2013 132 7.8 417663 228.76 72
364 Zombieland Adventure,Comedy,Horror RubenFleischer 2009 88 7.7 409403 75.59 73
365 HailCaesar! Comedy,Mystery EthanCoen 2016 106 6.3 89059 30 72,
366 SlumdogMillionaire Drama DannyBoyle 2008 120 8 677044 141.32 86,,
367 TheTwilightSaga:BreakingDawn-Part2 Adventure,Drama,Fantasy BillCondon 2012 115 5.5 194329 292.3 52
368 AmericanWrestler:TheWizard Drama,Sport AlexRanarivelo 2016 117 6.9 286 0 0,
369 TheAmazingSpider-Man Action,Adventure MarcWebb 2012 136 7 474320 262.03 66,
370 Ben-Hur Action,Adventure,Drama TimurBekmambetov 2016 123 5.7 28326 26.38 38
371 Sleight Action,Drama,Sci-Fi J.D.Dillard 2016 89 6 702 3.85 62
372 TheMazeRunner Action,Mystery,Sci-Fi WesBall 2014 113 6.8 335531 102.41 57
373 Criminal Action,Crime,Drama ArielVromen 2016 113 6.3 38430 14.27 36
374 Wanted Action,Crime,Fantasy TimurBekmambetov 2008 110 6.7 312495 134.57 64
375 FlorenceFosterJenkins Biography,Comedy,Drama StephenFrears 2016 111 6.9 31776 27.37 71
376 Collide Action,Crime,Thriller EranCreevy 2016 99 5.7 7583 2.2 33
377 BlackMass Biography,Crime,Drama ScottCooper 2015 123 6.9 135706 62.56 68
378 Creed Drama,Sport RyanCoogler 2015 133 7.6 175673 109.71 82,
379 SwissArmyMan Adventure,Comedy,Drama DanKwan 2016 97 7.1 61812 4.21 64
380 TheExpendables3 Action,Adventure,Thriller PatrickHughes 2014 126 6.1 137568 39.29 35
381 WhatWeDointheShadows Comedy,Fantasy,Horror JemaineClement 2014 86 7.6 84016 3.33 76
382 Southpaw Drama,Sport AntoineFuqua 2015 124 7.4 169083 52.42 57,
383 Hush Horror,Thriller MikeFlanagan 2016 81 6.6 45867 0 67,
384 BridgeofSpies Drama,History,Thriller StevenSpielberg 2015 142 7.6 217938 72.31 81
385 TheLegoMovie Animation,Action,Adventure PhilLord 2014 100 7.8 266508 257.76 83
386 Everest Action,Adventure,Drama BaltasarKormakur 2015 121 7.1 154647 43.25 64
387 Pixels Action,Comedy,Family ChrisColumbus 2015 105 5.6 101092 78.75 27
388 RobinHood Action,Adventure,Drama RidleyScott 2010 140 6.7 221117 105.22 53
389 TheWolverine Action,Adventure,Sci-Fi JamesMangold 2013 126 6.7 355362 132.55 60
390 JohnCarter Action,Adventure,Sci-Fi AndrewStanton 2012 132 6.6 220667 73.06 51
391 Keanu Action,Comedy PeterAtencio 2016 100 6.3 31913 20.57 63,
392 TheGunman Action,Crime,Drama PierreMorel 2015 115 5.8 31194 10.64 39
393 SteveJobs Biography,Drama DannyBoyle 2015 122 7.2 116112 17.75 82,
394 WhiskyGalore Comedy,Romance GilliesMacKinnon 2016 98 5 102 0 43,
395 GrownUps2 Comedy DennisDugan 2013 101 5.4 114482 133.67 19,,
396 TheAgeofAdaline Drama,Fantasy,Romance LeeTolandKrieger 2015 112 7.2 112288 42.48 51
397 TheIncredibleHulk Action,Adventure,Sci-Fi LouisLeterrier 2008 112 6.8 342355 134.52 61
398 CouplesRetreat Comedy PeterBillingsley 2009 113 5.5 86417 109.18 23,,
399 AbsolutelyAnything Comedy,Sci-Fi TerryJones 2015 85 6 26587 0 31,
400 MagicMike Comedy,Drama StevenSoderbergh 2012 110 6.1 113686 113.71 72,
401 Minions Animation,Action,Adventure KyleBalda 2015 91 6.4 159830 336.03 56
402 TheBlackRoom Horror RolfeKanefsky 2016 91 3.9 240 0 71,,
403 Bronson Action,Biography,Crime NicolasWindingRefn 2008 92 7.1 93972 0.1 0
404 DespicableMe Animation,Adventure,Comedy PierreCoffin 2010 95 7.7 410607 251.5 72
405 TheBestofMe Drama,Romance MichaelHoffman 2014 118 6.7 49041 26.76 29,
406 TheInvitation Drama,Mystery,Thriller KarynKusama 2015 100 6.7 40529 0.23 74
407 ZeroDarkThirty Drama,History,Thriller KathrynBigelow 2012 157 7.4 226661 95.72 95
408 Tangled Animation,Adventure,Comedy NathanGreno 2010 100 7.8 316459 200.81 71
409 TheHungerGames:Mockingjay-Part2 Action,Adventure,Sci-Fi FrancisLawrence 2015 137 6.6 202380 281.67 65
410 Vacation Adventure,Comedy JohnFrancisDaley 2015 99 6.1 74589 58.88 34,
411 Taken Action,Thriller PierreMorel 2008 93 7.8 502961 145 50,
412 PitchPerfect2 Comedy,Music ElizabethBanks 2015 115 6.5 108306 183.44 63,
413 MonstersUniversity Animation,Adventure,Comedy DanScanlon 2013 104 7.3 252119 268.49 65
414 Elle Crime,Drama,Thriller PaulVerhoeven 2016 130 7.2 35417 0 89
415 Mechanic:Resurrection Action,Adventure,Crime DennisGansel 2016 98 5.6 48161 21.2 38
416 Tusk Comedy,Drama,Horror KevinSmith 2014 102 5.4 34546 1.82 55
417 TheHeadhunter'sCalling Drama MarkWilliams 2016 108 6.9 164 0 85,,
418 Atonement Drama,Mystery,Romance JoeWright 2007 123 7.8 202890 50.92 0
419 HarryPotterandtheDeathlyHallows:Part1 Adventure,Family,Fantasy DavidYates 2010 146 7.7 357213 294.98 65
420 Shame Drama SteveMcQueen 2011 101 7.2 155010 4 72,,
421 Hanna Action,Drama,Thriller JoeWright 2011 111 6.8 164208 40.25 65
422 TheBabysitters Drama DavidRoss 2007 88 5.7 8914 0.04 35,,
423 PrideandPrejudiceandZombies Action,Horror,Romance BurrSteers 2016 108 5.8 35003 10.91 45
424 300:RiseofanEmpire Action,Drama,Fantasy NoamMurro 2014 102 6.2 237887 106.37 48
425 LondonHasFallen Action,Crime,Drama BabakNajafi 2016 99 5.9 100702 62.4 28
426 TheCuriousCaseofBenjaminButton Drama,Fantasy,Romance DavidFincher 2008 166 7.8 485075 127.49 70
427 SinCity:ADametoKillFor Action,Crime,Thriller FrankMiller 2014 102 6.5 122185 13.75 46
428 TheBourneUltimatum Action,Mystery,Thriller PaulGreengrass 2007 115 8.1 525700 227.14 85
429 Srpskifilm Horror,Mystery,Thriller SrdjanSpasojevic 2010 104 5.2 43648 0 55
430 ThePurge:ElectionYear Action,Horror,Sci-Fi JamesDeMonaco 2016 109 6 54216 79 0
431 3Idiots Comedy,Drama RajkumarHirani 2009 170 8.4 238789 6.52 67,
432 Zoolander2 Comedy BenStiller 2016 102 4.7 48297 28.84 34,,
433 WorldWarZ Action,Adventure,Horror MarcForster 2013 116 7 494819 202.35 63
434 Mission:Impossible-GhostProtocol Action,Adventure,Thriller BradBird 2011 132 7.4 382459 209.36 73
435 LetMeMakeYouaMartyr Action,Crime,Drama CoreyAsraf 2016 102 6.4 223 0 56
436 Filth Comedy,Crime,Drama JonS.Baird 2013 97 7.1 81301 0.03 0
437 TheLongestRide Drama,Romance GeorgeTillmanJr. 2015 123 7.1 58421 37.43 33,
438 Theimposible Drama,Thriller J.A.Bayona 2012 114 7.6 156189 19 73,
439 Kick-Ass2 Action,Comedy,Crime JeffWadlow 2013 103 6.6 214825 28.75 41
440 FolkHero&FunnyGuy Comedy JeffGrace 2016 88 5.6 220 0 63,,
441 OztheGreatandPowerful Adventure,Family,Fantasy SamRaimi 2013 130 6.3 181521 234.9 44
442 Brooklyn Drama,Romance JohnCrowley 2015 117 7.5 94977 38.32 87,
443 Coraline Animation,Family,Fantasy HenrySelick 2009 100 7.7 156620 75.28 80
444 BlueValentine Drama,Romance DerekCianfrance 2010 112 7.4 151409 9.7 81,
445 TheThinning Thriller MichaelJ.Gallagher 2016 81 6 4531 0 31,,
446 SilentHill Adventure,Horror,Mystery ChristopheGans 2006 125 6.6 184152 46.98 0
447 Dredd Action,Sci-Fi PeteTravis 2012 95 7.1 213764 13.4 59,
448 HuntfortheWilderpeople Adventure,Comedy,Drama TaikaWaititi 2016 101 7.9 52331 5.2 81
449 BigHero6 Animation,Action,Adventure DonHall 2014 102 7.8 309186 222.49 74
450 Carrie Drama,Horror KimberlyPeirce 2013 100 5.9 113272 35.27 53,
451 IronMan2 Action,Adventure,Sci-Fi JonFavreau 2010 124 7 556666 312.06 57
452 Demolition Comedy,Drama Jean-MarcValle 2015 101 7 58720 1.82 49,
453 Pandorum Action,Horror,Mystery ChristianAlvart 2009 108 6.8 126656 10.33 28
454 OlympusHasFallen Action,Thriller AntoineFuqua 2013 119 6.5 214994 98.9 41,
455 IAmNumberFour Action,Adventure,Sci-Fi D.J.Caruso 2011 109 6.1 202682 55.09 36
456 Jagten Drama ThomasVinterberg 2012 115 8.3 192263 0.61 76,,
457 TheProposal Comedy,Drama,Romance AnneFletcher 2009 108 6.7 241709 163.95 48
458 GetHard Comedy,Crime EtanCohen 2015 100 6 95119 90.35 34,
459 JustGowithIt Comedy,Romance DennisDugan 2011 117 6.4 182069 103.03 33,
460 RevolutionaryRoad Drama,Romance SamMendes 2008 119 7.3 159736 22.88 69,
461 TheTown Crime,Drama,Thriller BenAffleck 2010 125 7.6 294553 92.17 74
462 TheBoy Horror,Mystery,Thriller WilliamBrentBell 2016 97 6 51235 35.79 42
463 Denial Biography,Drama MickJackson 2016 109 6.6 8229 4.07 63,
464 Predestination Drama,Mystery,Sci-Fi MichaelSpierig 2014 97 7.5 187760 0 69
465 Goosebumps Adventure,Comedy,Family RobLetterman 2015 103 6.3 57602 80.02 60
466 SherlockHolmes:AGameofShadows Action,Adventure,Crime GuyRitchie 2011 129 7.5 357436 186.83 48
467 Salt Action,Crime,Mystery PhillipNoyce 2010 100 6.4 255813 118.31 65
468 Enemy Mystery,Thriller DenisVilleneuve 2013 91 6.9 111558 1.01 61,
469 District9 Action,Sci-Fi,Thriller NeillBlomkamp 2009 112 8 556794 115.65 81
470 TheOtherGuys Action,Comedy,Crime AdamMcKay 2010 107 6.7 199900 119.22 64
471 AmericanGangster Biography,Crime,Drama RidleyScott 2007 157 7.8 337835 130.13 76
472 MarieAntoinette Biography,Drama,History SofiaCoppola 2006 123 6.4 83941 15.96 65
473 2012 Action,Adventure,Sci-Fi RolandEmmerich 2009 158 5.8 297984 166.11 49
474 HarryPotterandtheHalf-BloodPrince Adventure,Family,Fantasy DavidYates 2009 153 7.5 351059 301.96 78
475 Argo Biography,Drama,History BenAffleck 2012 120 7.7 481274 136.02 86
476 EddietheEagle Biography,Comedy,Drama DexterFletcher 2016 106 7.4 56332 15.79 54
477 TheLivesofOthers Drama,Thriller FlorianHenckelvon 2006 137 8.5 278103 11.28 89,
478 Pet Horror,Thriller CarlesTorrens 2016 94 5.7 8404 0 48,
479 PaintItBlack Drama AmberTamblyn 2016 96 8.3 61 0 71,,
480 Macbeth Drama,War JustinKurzel 2015 113 6.7 41642 0 71,
481 ForgettingSarahMarshall Comedy,Drama,Romance NicholasStoller 2008 111 7.2 226619 62.88 67
482 TheGiver Drama,Romance,Sci-Fi PhillipNoyce 2014 97 6.5 93799 45.09 47
483 Triple9 Action,Crime,Drama JohnHillcoat 2016 115 6.3 48400 12.63 52
484 Perfettisconosciuti Comedy,Drama PaoloGenovese 2016 97 7.7 17584 0 43,
485 AngryBirds Animation,Action,Adventure ClayKaytis 2016 97 6.3 55781 107.51 0
486 MoonriseKingdom Adventure,Comedy,Drama WesAnderson 2012 94 7.8 254446 45.51 84
487 Hairspray Comedy,Drama,Family AdamShankman 2007 117 6.7 102954 118.82 81
488 SafeHaven Drama,Romance,Thriller LasseHallstram 2013 115 6.7 84765 71.35 34
489 Focus Comedy,Crime,Drama GlennFicarra 2015 105 6.6 166489 53.85 56
490 Ratatouille Animation,Comedy,Family BradBird 2007 111 8 504039 206.44 96
491 StakeLand Drama,Horror,Sci-Fi JimMickle 2010 98 6.5 36091 0.02 66
492 TheBookofEli Action,Adventure,Drama AlbertHughes 2010 118 6.9 241359 94.82 53
493 Cloverfield Action,Horror,Sci-Fi MattReeves 2008 85 7 313803 80.03 64
494 PointBreak Action,Crime,Sport EricsonCore 2015 114 5.3 44553 28.77 34
495 UndertheSkin Drama,Horror,Sci-Fi JonathanGlazer 2013 108 6.3 94707 2.61 78
496 IAmLegend Drama,Horror,Sci-Fi FrancisLawrence 2007 101 7.2 565721 256.39 65
497 MeninBlack3 Action,Adventure,Comedy BarrySonnenfeld 2012 106 6.8 278379 179.02 58
498 Super8 Mystery,Sci-Fi,Thriller J.J.Abrams 2011 112 7.1 298913 126.98 72
499 LawAbidingCitizen Crime,Drama,Thriller F.GaryGray 2009 109 7.4 228339 73.34 34
500 Up Animation,Adventure,Comedy PeteDocter 2009 96 8.3 722203 292.98 88
501 MazeRunner:TheScorchTrials Action,Sci-Fi,Thriller WesBall 2015 131 6.3 159364 81.69 43
502 Carol Drama,Romance ToddHaynes 2015 118 7.2 77995 0.25 95,
503 Imperium Crime,Drama,Thriller DanielRagussis 2016 109 6.5 27428 0 68
504 Youth Comedy,Drama,Music PaoloSorrentino 2015 124 7.3 52636 2.7 64
505 Mr.Nobody Drama,Fantasy,Romance JacoVanDormael 2009 141 7.9 166872 0 63
506 CityofTinyLights Crime,Drama,Thriller PeteTravis 2016 110 5.7 291 0 54
507 Savages Crime,Drama,Thriller OliverStone 2012 131 6.5 107960 47.31 59
508 (500)DaysofSummer Comedy,Drama,Romance MarcWebb 2009 95 7.7 398972 32.39 76
509 Movie43 Comedy,Romance ElizabethBanks 2013 94 4.3 83625 8.83 18,
510 Gravity Drama,Sci-Fi,Thriller AlfonsoCuaran 2013 91 7.8 622089 274.08 96
511 TheBoyintheStripedPyjamas Drama,War MarkHerman 2008 94 7.8 144614 9.03 55,
512 Shooter Action,Crime,Drama AntoineFuqua 2007 124 7.2 267820 46.98 53
513 TheHappening Sci-Fi,Thriller M.NightShyamalan 2008 91 5 170897 64.51 34,
514 BoneTomahawk Adventure,Drama,Horror S.CraigZahler 2015 132 7.1 47289 66.01 72
515 MagicMikeXXL Comedy,Drama,Music GregoryJacobs 2015 115 5.7 42506 0 60
516 EasyA Comedy,Drama,Romance WillGluck 2010 92 7.1 294950 58.4 72
517 Exodus:GodsandKings Action,Adventure,Drama RidleyScott 2014 150 6 137299 65.01 52
518 Chappie Action,Crime,Drama NeillBlomkamp 2015 120 6.9 188769 31.57 41
519 TheHobbit:TheDesolationofSmaug Adventure,Fantasy PeterJackson 2013 161 7.9 513744 258.36 66,
520 HalfofaYellowSun Drama,Romance BiyiBandele 2013 111 6.2 1356 0.05 51,
521 Anthropoid Biography,History,Thriller SeanEllis 2016 120 7.2 24100 2.96 59
522 TheCounselor Crime,Drama,Thriller RidleyScott 2013 117 5.3 84927 16.97 48
523 Viking Action,Drama,History AndreyKravchuk 2016 133 4.7 1830 23.05 57
524 WhiskeyTangoFoxtrot Biography,Comedy,Drama GlennFicarra 2016 112 6.6 36156 0 0
525 Trust Crime,Drama,Thriller DavidSchwimmer 2010 106 7 36043 0.06 60
526 BirthoftheDragon Action,Biography,Drama GeorgeNolfi 2016 103 3.9 552 93.05 61
527 Elysium Action,Drama,Sci-Fi NeillBlomkamp 2013 109 6.6 358932 0 0
528 TheGreenInferno Adventure,Horror EliRoth 2013 100 5.4 26461 7.19 38,
529 Godzilla Action,Adventure,Sci-Fi GarethEdwards 2014 123 6.4 318058 200.66 62
530 TheBourneLegacy Action,Adventure,Mystery TonyGilroy 2012 135 6.7 245374 113.17 61
531 AGoodYear Comedy,Drama,Romance RidleyScott 2006 117 6.9 74674 7.46 47
532 FriendRequest Horror,Thriller SimonVerhoeven 2016 92 5.4 12758 64.03 59,
533 DejaVu Action,Sci-Fi,Thriller TonyScott 2006 126 7 253858 0 0
534 Lucy Action,Sci-Fi,Thriller LucBesson 2014 89 6.4 352698 126.55 61
535 AQuietPassion Biography,Drama TerenceDavies 2016 125 7.2 1024 1.08 77,
536 NeedforSpeed Action,Crime,Drama ScottWaugh 2014 132 6.5 143389 43.57 39
537 JackReacher Action,Crime,Mystery ChristopherMcQuarrie 2012 130 7 250811 58.68 50
538 TheDo-Over Action,Adventure,Comedy StevenBrill 2016 108 5.7 24761 0.54 22
539 TrueCrimes Crime,Drama,Thriller AlexandrosAvranas 2016 92 7.3 198 0 43
540 AmericanPastoral Crime,Drama EwanMcGregor 2016 108 6.1 7115 0 0,
541 TheGhostWriter Mystery,Thriller RomanPolanski 2010 128 7.2 137964 15.52 77,
542 Limitless Mystery,Sci-Fi,Thriller NeilBurger 2011 105 7.4 444417 79.24 59
543 Spectral Action,Mystery,Sci-Fi NicMathieu 2016 107 6.3 27042 0 39
544 P.S.ILoveYou Drama,Romance RichardLaGravenese 2007 126 7.1 177247 53.68 0,
545 Zipper Drama,Thriller MoraStephens 2015 103 5.7 4912 0 39,
546 MidnightSpecial Drama,Mystery,Sci-Fi JeffNichols 2016 112 6.7 54787 3.71 76
547 Don'tThinkTwice Comedy,Drama MikeBirbiglia 2016 92 6.8 10485 4.42 83,
548 AliceinWonderland Adventure,Family,Fantasy TimBurton 2010 108 6.5 324898 334.19 53
549 Chuck Biography,Drama,Sport PhilippeFalardeau 2016 98 6.8 391 0.11 68
550 IDanielBlake Drama KenLoach 2016 100 7.9 22941 0 77,,
551 TheBreak-Up Comedy,Drama,Romance PeytonReed 2006 106 5.8 106381 118.68 45
552 Loving Biography,Drama,Romance JeffNichols 2016 123 7.1 17141 7.7 79
553 FantasticFour Action,Adventure,Sci-Fi JoshTrank 2015 100 4.3 121847 56.11 27
554 TheSurvivalist Drama,Sci-Fi,Thriller StephenFingleton 2015 104 6.3 9187 0 80
555 Colonia Drama,Romance,Thriller FlorianGallenberger 2015 106 7.1 30074 0 33
556 TheBoyNextDoor Mystery,Thriller RobCohen 2015 91 4.6 30180 35.39 30,
557 TheGift Mystery,Thriller JoelEdgerton 2015 108 7.1 96688 43.77 77,
558 DraculaUntold Action,Drama,Fantasy GaryShore 2014 92 6.3 148504 55.94 40
559 IntheHeartoftheSea Action,Adventure,Biography RonHoward 2015 122 6.9 90372 24.99 47
560 Idiocracy Adventure,Comedy,Sci-Fi MikeJudge 2006 84 6.6 115355 0.44 66
561 TheExpendables Action,Adventure,Thriller SylvesterStallone 2010 103 6.5 283282 102.98 45
562 EvilDead Fantasy,Horror FedeAlvarez 2013 91 6.5 133113 54.24 57,
563 Sinister Horror,Mystery ScottDerrickson 2012 110 6.8 171169 48.06 53,
564 Wreck-ItRalph Animation,Adventure,Comedy RichMoore 2012 101 7.8 290559 189.41 72
565 SnowWhiteandtheHuntsman Action,Adventure,Drama RupertSanders 2012 127 6.1 239772 155.11 57
566 Pan Adventure,Family,Fantasy JoeWright 2015 111 5.8 47804 34.96 36
567 Transformers:DarkoftheMoon Action,Adventure,Sci-Fi MichaelBay 2011 154 6.3 338369 352.36 42
568 Juno Comedy,Drama JasonReitman 2007 96 7.5 432461 143.49 81,
569 AHologramfortheKing Comedy,Drama TomTykwer 2016 98 6.1 26521 4.2 58,
570 MoneyMonster Crime,Drama,Thriller JodieFoster 2016 98 6.5 68654 41.01 55
571 TheOtherWoman Comedy,Romance NickCassavetes 2014 109 6 110825 83.91 39,
572 Enchanted Animation,Comedy,Family KevinLima 2007 107 7.1 150353 127.71 75
573 TheIntern Comedy,Drama NancyMeyers 2015 121 7.1 159582 75.27 51,
574 LittleMissSunshine Comedy,Drama JonathanDayton 2006 101 7.8 374044 59.89 80,
575 BleedforThis Biography,Drama,Sport BenYounger 2016 117 6.8 11900 4.85 62
576 ClashoftheTitans Action,Adventure,Fantasy LouisLeterrier 2010 106 5.8 238206 163.19 39
577 TheFinestHours Action,Drama,History CraigGillespie 2016 117 6.8 44425 27.55 58
578 Tron Action,Adventure,Sci-Fi JosephKosinski 2010 125 6.8 273959 172.05 49
579 TheHungerGames:CatchingFire Action,Adventure,Mystery FrancisLawrence 2013 146 7.6 525646 424.65 76
580 AllGoodThings Crime,Drama,Mystery AndrewJarecki 2010 101 6.3 44158 0.58 57
581 Kickboxer:Vengeance Action JohnStockwell 2016 90 4.9 6809 131.56 37,,
582 TheLastAirbender Action,Adventure,Family M.NightShyamalan 2010 103 4.2 125129 0 20
583 SexTape Comedy,Romance JakeKasdan 2014 94 5.1 89885 38.54 36,
584 WhattoExpectWhenYou'reExpecting Comedy,Drama,Romance KirkJones 2012 110 5.7 60059 41.1 41
585 Moneyball Biography,Drama,Sport BennettMiller 2011 133 7.6 297395 75.61 87
586 GhostRider Action,Fantasy,Thriller MarkStevenJohnson 2007 114 5.2 190673 115.8 35
587 Unbroken Biography,Drama,Sport AngelinaJolie 2014 137 7.2 114006 115.6 59
588 Immortals Action,Drama,Fantasy TarsemSingh 2011 110 6 142900 83.5 46
589 Sunshine Adventure,Sci-Fi,Thriller DannyBoyle 2007 107 7.3 199860 3.68 64
590 Brave Animation,Adventure,Comedy MarkAndrews 2012 93 7.2 293941 237.28 69
591 Mansomhatarkvinnor Drama,Mystery,Thriller NielsArdenOplev 2009 152 7.8 182074 10.1 76
592 Adoration Drama,Romance AnneFontaine 2013 112 6.2 25208 0.32 37,
593 TheDrop Crime,Drama,Mystery MichaelR.Roskam 2014 106 7.1 116118 10.72 69
594 She'stheMan Comedy,Romance,Sport AndyFickman 2006 105 6.4 122864 2.34 45
595 Daddy'sHome Comedy,Family SeanAnders 2015 96 6.1 68306 150.32 42,
596 LetMeIn Drama,Horror,Mystery MattReeves 2010 116 7.2 97141 12.13 79
597 NeverBackDown Action,Drama,Sport JeffWadlow 2008 110 6.6 84083 24.85 39
598 Grimsby Action,Adventure,Comedy LouisLeterrier 2016 83 6.2 63408 6.86 44
599 Moon Drama,Mystery,Sci-Fi DuncanJones 2009 97 7.9 277123 5.01 67
600 Megamind Animation,Action,Comedy TomMcGrath 2010 95 7.3 183926 148.34 63
601 GangsterSquad Action,Crime,Drama RubenFleischer 2013 113 6.7 181432 46 40
602 BloodFather Action,Crime,Drama Jean-FrancuoisRichet 2016 88 6.4 40357 93.95 66
603 He'sJustNotThatIntoYou Comedy,Drama,Romance KenKwapis 2009 129 6.4 137684 0 47
604 KungFuPanda3 Animation,Action,Adventure AlessandroCarloni 2016 95 7.2 89791 143.52 66
605 TheRiseoftheKrays Crime,Drama ZackaryAdler 2015 110 5.1 1630 6.53 90,
606 HandsomeDevil Drama JohnButler 2016 95 7.4 338 0 0,,
607 Winter'sBone Drama DebraGranik 2010 100 7.2 116435 0 0,,
608 HorribleBosses Comedy,Crime SethGordon 2011 98 6.9 368556 117.53 57,
609 Mommy Drama XavierDolan 2014 139 8.1 33560 3.49 74,,
610 HellboyII:TheGoldenArmy Action,Adventure,Fantasy GuillermodelToro 2008 120 7 216932 75.75 78
611 BeautifulCreatures Drama,Fantasy,Romance RichardLaGravenese 2013 124 6.2 71822 19.45 52
612 ToniErdmann Comedy,Drama MarenAde 2016 162 7.6 24387 1.48 93,
613 TheLovelyBones Drama,Fantasy,Thriller PeterJackson 2009 135 6.7 130702 43.98 42
614 TheAssassinationofJesseJames Biography,Crime,Drama AndrewDominik 2007 160 7.5 143564 3.9 68
615 DonJon Comedy,Drama,Romance JosephGordon-Levitt 2013 90 6.6 199973 24.48 66
616 BastilleDay Action,Crime,Drama JamesWatkins 2016 92 6.3 21089 0.04 48
617 2307:Winter'sDream Sci-Fi JoeyCurtis 2016 101 4 277 20.76 53,,
618 FreeStateofJones Action,Biography,Drama GaryRoss 2016 139 6.9 29895 0 0
619 Mr.Right Action,Comedy,Romance PacoCabezas 2015 95 6.3 30053 0.03 52
620 TheSecretLifeofWalterMitty Adventure,Comedy,Drama BenStiller 2013 114 7.3 249877 58.23 54
621 Dope Comedy,Crime,Drama RickFamuyiwa 2015 103 7.3 66400 17.47 72
622 UnderworldAwakening Action,Fantasy,Horror MasMerlind 2012 88 6.4 127157 62.32 39
623 Antichrist Drama,Horror LarsvonTrier 2009 108 6.6 94069 0.4 49,
624 Fridaythe13th Horror MarcusNispel 2009 97 5.6 78631 65 34,,
625 Taken3 Action,Thriller OlivierMegaton 2014 109 6 144715 89.25 26,
626 TotalRecall Action,Adventure,Mystery LenWiseman 2012 118 6.3 210965 58.88 43
627 X-Men:TheLastStand Action,Adventure,Fantasy BrettRatner 2006 104 6.7 406540 234.36 58
628 TheEscort Comedy,Drama,Romance WillSlocombe 2016 88 6 7181 0 46
629 TheWholeTruth Crime,Drama,Mystery CourtneyHunt 2016 93 6.1 10700 0 0
630 NightattheMuseum:SecretoftheTomb Adventure,Comedy,Family ShawnLevy 2014 98 6.2 74886 113.73 47
631 Love&OtherDrugs Comedy,Drama,Romance EdwardZwick 2010 112 6.7 151519 32.36 55
632 TheInterview Comedy EvanGoldberg 2014 112 6.6 261536 6.11 52,,
633 TheHost Comedy,Drama,Horror BongJoonHo 2006 120 7 73491 2.2 85
634 MeganIsMissing Drama,Horror,Thriller MichaelGoi 2011 85 4.9 6683 0 94
635 WALL-E Animation,Adventure,Family AndrewStanton 2008 98 8.4 776897 223.81 0
636 KnockedUp Comedy,Romance JuddApatow 2007 129 7 309398 148.73 85,
637 SourceCode Mystery,Romance,Sci-Fi DuncanJones 2011 93 7.5 404884 54.7 74
638 Lawless Crime,Drama JohnHillcoat 2012 116 7.3 195360 37.4 58,
639 Unfriended Drama,Horror,Mystery LevanGabriadze 2014 83 5.6 50402 31.54 59
640 AmericanReunion Comedy JonHurwitz 2012 113 6.7 178471 56.72 49,,
641 ThePursuitofHappyness Biography,Drama GabrieleMuccino 2006 117 8 361105 162.59 64,
642 Relatossalvajes Comedy,Drama,Thriller DamianSzifron 2014 122 8.1 110100 3.08 77
643 TheRidiculous6 Comedy,Western FrankCoraci 2015 119 4.8 31149 0 18,
644 Frantz Drama,History,War FrancuoisOzon 2016 113 7.5 4304 0.86 73
645 Viral Drama,Horror,Sci-Fi HenryJoost 2016 85 5.5 3564 0 72
646 GranTorino Drama ClintEastwood 2008 116 8.2 595779 148.09 0,,
647 Burnt Comedy,Drama JohnWells 2015 101 6.6 76469 13.65 42,
648 TallMen Fantasy,Horror,Thriller JonathanHolbrook 2016 133 3.2 173 0 57
649 SleepingBeauty Drama,Romance JuliaLeigh 2011 101 5.3 27006 0.03 0,
650 VampireAcademy Action,Comedy,Fantasy MarkWaters 2014 104 5.6 44111 7.79 30
651 SweeneyTodd Drama,Horror,Musical TimBurton 2007 116 7.4 296289 52.88 83
652 Solace Crime,Drama,Mystery AfonsoPoyart 2015 101 6.4 36300 0 36
653 Insidious Horror,Mystery,Thriller JamesWan 2010 103 6.8 219916 53.99 52
654 Popstar:NeverStopNeverStopping Comedy,Music AkivaSchaffer 2016 87 6.7 30875 9.39 68,
655 TheLevelling Drama HopeDicksonLeach 2016 83 6.4 482 0 82,,
656 PublicEnemies Biography,Crime,Drama MichaelMann 2009 140 7 240323 97.03 70
657 Boyhood Drama RichardLinklater 2014 165 7.9 286722 25.36 100,,
658 TeenageMutantNinjaTurtles Action,Adventure,Comedy JonathanLiebesman 2014 101 5.9 178527 190.87 31
659 EasternPromises Crime,Drama,Mystery DavidCronenberg 2007 100 7.7 198006 17.11 82
660 TheDaughter Drama SimonStone 2015 96 6.7 2798 0.03 62,,
661 PineappleExpress Action,Comedy,Crime DavidGordonGreen 2008 111 7 267872 87.34 64
662 TheFirstTime Comedy,Drama,Romance JonKasdan 2012 95 6.9 54027 0.02 55
663 GoneBabyGone Crime,Drama,Mystery BenAffleck 2007 114 7.7 206707 20.3 72
664 TheHeat Action,Comedy,Crime PaulFeig 2013 117 6.6 140151 159.58 60
665 L'avenir Drama MiaHansen-LAve 2016 102 7.1 5796 0.28 88,,
666 AnnaKarenina Drama,Romance JoeWright 2012 129 6.6 75291 12.8 63,
667 Regression Crime,Drama,Mystery AlejandroAmenabar 2015 106 5.7 26320 0.05 32
668 Ted2 Adventure,Comedy,Romance SethMacFarlane 2015 115 6.3 136323 81.26 48
669 Pain&Gain Comedy,Crime,Drama MichaelBay 2013 129 6.5 168875 49.87 45
670 BloodDiamond Adventure,Drama,Thriller EdwardZwick 2006 143 8 422014 57.37 64
671 Devil'sKnot Biography,Crime,Drama AtomEgoyan 2013 114 6.1 15514 0 42
672 Child44 Crime,Drama,Thriller DanielEspinosa 2015 137 6.5 47703 1.21 41
673 TheHurtLocker Drama,History,Thriller KathrynBigelow 2008 131 7.6 352023 15.7 94
674 GreenLantern Action,Adventure,Sci-Fi MartinCampbell 2011 114 5.6 231907 116.59 39
675 WaronEveryone Action,Comedy JohnMichaelMcDonagh 2016 98 5.9 9285 0 50,
676 TheMist Horror FrankDarabont 2007 126 7.2 233346 25.59 58,,
677 EscapePlan Action,Crime,Mystery MikaelHassam 2013 115 6.7 188004 25.12 49
678 LoveRosie Comedy,Romance ChristianDitter 2014 102 7.2 80415 0.01 44,
679 TheDUFF Comedy AriSandel 2015 101 6.5 57874 34.02 56,,
680 TheAgeofShadows Action,Drama,Thriller Jee-woonKim 2016 140 7.2 2403 0.54 78
681 TheHungerGames:Mockingjay-Part1 Action,Adventure,Sci-Fi FrancisLawrence 2014 123 6.7 331902 337.1 64
682 WeNeedtoTalkAboutKevin Drama,Mystery,Thriller LynneRamsay 2011 112 7.5 104953 1.74 68
683 Love&Friendship Comedy,Drama,Romance WhitStillman 2016 90 6.5 16164 14.01 87
684 TheMortalInstruments:CityofBones Action,Fantasy,Horror HaraldZwart 2013 130 5.9 112313 31.17 33
685 SevenPounds Drama,Romance GabrieleMuccino 2008 123 7.7 245144 69.95 36,
686 TheKing'sSpeech Biography,Drama TomHooper 2010 118 8 534388 138.8 88,
687 Hunger Biography,Drama SteveMcQueen 2008 96 7.6 54486 0.15 82,
688 Jumper Action,Adventure,Sci-Fi DougLiman 2008 88 6.1 252503 80.17 35
689 ToyStory3 Animation,Adventure,Comedy LeeUnkrich 2010 103 8.3 586669 414.98 92
690 TinkerTailorSoldierSpy Drama,Mystery,Thriller TomasAlfredson 2011 122 7.1 157053 24.1 85
691 ResidentEvil:Retribution Action,Horror,Sci-Fi PaulW.S.Anderson 2012 96 5.4 114144 42.35 39
692 DearZindagi Drama,Romance GauriShinde 2016 151 7.8 23540 1.4 56,
693 Genius Biography,Drama MichaelGrandage 2016 104 6.5 10708 1.36 0,
694 Pompeii Action,Adventure,Drama PaulW.S.Anderson 2014 105 5.5 90188 23.22 39
695 LifeofPi Adventure,Drama,Fantasy AngLee 2012 127 7.9 471109 124.98 79
696 Hachi:ADog'sTale Drama,Family LasseHallstraem 2009 93 8.1 177602 0 61,
697 10Years Comedy,Drama,Romance JamieLinden 2011 100 6.1 19636 0.2 0
698 IOrigins Drama,Romance,Sci-Fi MikeCahill 2014 106 7.3 86271 0.33 57
699 LiveFreeorDieHard Action,Adventure,Thriller LenWiseman 2007 128 7.2 347567 134.52 69
700 TheMatchbreaker Comedy,Romance CalebVetter 2016 94 5.5 1427 0 44,
701 FunnyGames Crime,Drama,Horror MichaelHaneke 2007 111 6.5 73835 1.29 0
702 Ted Comedy,Fantasy SethMacFarlane 2012 106 7 494641 218.63 62,
703 RED Action,Comedy,Crime RobertSchwentke 2010 111 7.1 250012 90.36 60
704 Australia Adventure,Drama,Romance BazLuhrmann 2008 165 6.6 106115 49.55 53
705 Faster Action,Crime,Drama GeorgeTillmanJr. 2010 98 6.5 83788 23.23 44
706 TheNeighbor Crime,Horror,Thriller MarcusDunstan 2016 87 5.8 4754 0 60
707 TheAdjustmentBureau Romance,Sci-Fi,Thriller GeorgeNolfi 2011 106 7.1 208632 62.45 0
708 TheHollars Comedy,Drama,Romance JohnKrasinski 2016 88 6.5 5908 1.02 53
709 TheJudge Crime,Drama DavidDobkin 2014 141 7.4 146812 47.11 48,
710 ClosedCircuit Crime,Drama,Mystery JohnCrowley 2013 96 6.2 18437 5.73 50
711 Transformers:RevengeoftheFallen Action,Adventure,Sci-Fi MichaelBay 2009 150 6 335757 402.08 35
712 Latortuerouge Animation,Fantasy MichaelDudokdeWit 2016 80 7.6 11482 0.92 86,
713 TheBookofLife Animation,Adventure,Comedy JorgeR.Gutierrez 2014 95 7.3 50388 50.15 67
714 Incendies Drama,Mystery,War DenisVilleneuve 2010 131 8.2 92863 6.86 80
715 TheHeartbreakKid Comedy,Romance BobbyFarrelly 2007 116 5.8 74664 36.77 46,
716 HappyFeet Animation,Comedy,Family GeorgeMiller 2006 108 6.5 141141 197.99 77
717 Entourage Comedy DougEllin 2015 104 6.6 64557 32.36 38,,
718 TheStrangers Horror,Mystery,Thriller BryanBertino 2008 86 6.2 96718 52.53 47
719 Noah Action,Adventure,Drama DarrenAronofsky 2014 138 5.8 209700 101.16 68
720 Neighbors Comedy NicholasStoller 2014 97 6.4 236500 150.06 68,,
721 Nymphomaniac:Vol.II Drama LarsvonTrier 2013 123 6.7 65824 0.33 60,,
722 Wild Adventure,Biography,Drama Jean-MarcValle 2014 115 7.1 95553 37.88 76
723 GrownUps Comedy DennisDugan 2010 102 6 190385 162 30,,
724 BlairWitch Horror,Thriller AdamWingard 2016 89 5.1 26088 20.75 47,
725 TheKarateKid Action,Drama,Family HaraldZwart 2010 140 6.2 127983 176.59 61
726 DarkShadows Comedy,Fantasy,Horror TimBurton 2012 113 6.2 209326 79.71 55
727 FriendswithBenefits Comedy,Romance WillGluck 2011 109 6.6 286543 55.8 63,
728 TheIllusionist Drama,Mystery,Romance NeilBurger 2006 110 7.6 309934 39.83 68
729 TheA-Team Action,Adventure,Comedy JoeCarnahan 2010 117 6.8 219116 77.21 47
730 TheGuest Thriller AdamWingard 2014 100 6.7 71069 0.32 76,,
731 TheInternship Comedy ShawnLevy 2013 119 6.3 166342 44.67 42,,
732 Paul Adventure,Comedy,Sci-Fi GregMottola 2011 104 7 201707 37.37 57
733 ThisBeautifulFantastic Comedy,Drama,Fantasy SimonAboud 2016 100 6.9 688 0 51
734 TheDaVinciCode Mystery,Thriller RonHoward 2006 149 6.6 338280 217.54 46,
735 Mr.Church Comedy,Drama BruceBeresford 2016 104 7.7 16163 0.69 37,
736 Hugo Adventure,Drama,Family MartinScorsese 2011 126 7.5 259182 73.82 83
737 TheBlackcoat'sDaughter Horror,Thriller OzPerkins 2015 93 5.6 4155 0.02 68,
738 BodyofLies Action,Drama,Romance RidleyScott 2008 128 7.1 182305 39.38 57
739 KnightofCups Drama,Romance TerrenceMalick 2015 118 5.7 17439 0.56 53,
740 TheMummy:TomboftheDragonEmperor Action,Adventure,Fantasy RobCohen 2008 112 5.2 124554 102.18 31
741 TheBoss Comedy BenFalcone 2016 99 5.4 29642 63.03 40,,
742 HandsofStone Action,Biography,Drama JonathanJakubowicz 2016 111 6.6 8998 4.71 54
743 Elsecretodesusojos Drama,Mystery,Romance JuanJoseCampanella 2009 129 8.2 144524 20.17 80
744 TrueGrit Adventure,Drama,Western EthanCoen 2010 110 7.6 254904 171.03 80
745 WeAreYourFriends Drama,Music,Romance MaxJoseph 2015 96 6.2 25903 3.59 46
746 AMillionWaystoDieintheWest Comedy,Romance,Western SethMacFarlane 2014 116 6.1 144779 42.62 44
747 OnlyforOneNight Thriller ChrisStokes 2016 86 4.6 313 0 60,,
748 RulesDon'tApply Comedy,Drama,Romance WarrenBeatty 2016 127 5.7 3731 3.65 0
749 Ouija:OriginofEvil Horror,Thriller MikeFlanagan 2016 99 6.1 30035 34.9 65,
750 PercyJackson:SeaofMonsters Adventure,Family,Fantasy ThorFreudenthal 2013 106 5.9 91684 68.56 39
751 Fracture Crime,Drama,Mystery GregoryHoblit 2007 113 7.2 148943 39 68
752 Oculus Horror,Mystery MikeFlanagan 2013 104 6.5 92875 27.69 61,
753 InBruges Comedy,Crime,Drama MartinMcDonagh 2008 107 7.9 322536 7.76 67
754 ThisMeansWar Action,Comedy,Romance McG 2012 103 6.3 154400 54.76 31
755 LAdaBaarovai Biography,Drama,History FilipRenc 2016 106 5 353 0 64
756 TheRoad Adventure,Drama JohnHillcoat 2009 111 7.3 187302 0.06 0,
757 Lavender Drama,Thriller EdGass-Donnelly 2016 92 5.2 2083 0 46,
758 Deuces Drama JamalHill 2016 87 6.6 256 0 36,,
759 ConantheBarbarian Action,Adventure,Fantasy MarcusNispel 2011 113 5.2 84893 21.27 0
760 TheFighter Action,Biography,Drama DavidO.Russell 2010 116 7.8 290056 93.57 79
761 AugustRush Drama,Music KirstenSheridan 2007 114 7.5 91229 31.66 38,
762 Chef Comedy,Drama JonFavreau 2014 114 7.3 151970 31.24 68,
763 EyeintheSky Drama,Thriller,War GavinHood 2015 102 7.3 57826 18.7 73
764 EagleEye Action,Mystery,Thriller D.J.Caruso 2008 118 6.6 156158 101.11 43
765 ThePurge Horror,Sci-Fi,Thriller JamesDeMonaco 2013 85 5.7 154588 64.42 41
766 PK Comedy,Drama,Romance RajkumarHirani 2014 153 8.2 103279 10.57 51
767 Ender'sGame Action,Sci-Fi GavinHood 2013 114 6.7 194236 61.66 0,
768 IndianaJonesandtheCrystalSkull Action,Adventure,Fantasy StevenSpielberg 2008 122 6.2 351361 317.01 65
769 PaperTowns Drama,Mystery,Romance JakeSchreier 2015 109 6.3 72515 31.99 56
770 High-Rise Drama BenWheatley 2015 119 5.7 25928 0.34 65,,
771 QuantumofSolace Action,Adventure,Thriller MarcForster 2008 106 6.6 347798 168.37 58
772 TheAssignment Action,Crime,Thriller WalterHill 2016 95 4.5 2043 0 34
773 HowtoTrainYourDragon Animation,Action,Adventure DeanDeBlois 2010 98 8.1 523893 217.39 74
774 LadyintheWater Drama,Fantasy,Mystery M.NightShyamalan 2006 110 5.6 82701 42.27 36
775 TheFountain Drama,Sci-Fi DarrenAronofsky 2006 96 7.3 199193 10.14 51,
776 Cars2 Animation,Adventure,Comedy JohnLasseter 2011 106 6.2 110490 191.45 57
777 31 Horror,Thriller RobZombie 2016 102 5.1 10871 0.78 35,
778 FinalGirl Action,Thriller TylerShields 2015 90 4.7 9026 0 56,
779 ChalkItUp Comedy HisonniJohnson 2016 90 4.8 499 0 0,,
780 TheManWhoKnewInfinity Biography,Drama MattBrown 2015 108 7.2 29912 3.86 0,
781 Unknown Action,Mystery,Thriller JaumeCollet-Serra 2011 113 6.9 218679 61.09 56
782 Self/less Action,Mystery,Sci-Fi TarsemSingh 2015 117 6.5 67196 12.28 34
783 Mr.Brooks Crime,Drama,Thriller BruceA.Evans 2007 120 7.3 128146 28.48 45
784 Tramps Comedy,Romance AdamLeon 2016 82 6.5 1031 0 77,
785 BeforeWeGo Comedy,Drama,Romance ChrisEvans 2014 95 6.9 31370 0.04 31
786 CaptainPhillips Biography,Drama,Thriller PaulGreengrass 2013 134 7.8 346154 107.1 83
787 TheSecretScripture Drama JimSheridan 2016 108 6.8 378 0 37,,
788 MaxSteel Action,Adventure,Family StewartHendler 2016 92 4.6 11555 3.77 22
789 HotelTransylvania2 Animation,Comedy,Family GenndyTartakovsky 2015 89 6.7 69157 169.69 44
790 Hancock Action,Crime,Drama PeterBerg 2008 92 6.4 366138 227.95 49
791 Sisters Comedy JasonMoore 2015 118 6 50241 87.03 58,,
792 TheFamily Comedy,Crime,Thriller LucBesson 2013 111 6.3 92868 36.92 42
793 ZackandMiriMakeaPorno Comedy,Romance KevinSmith 2008 101 6.6 154936 31.45 56,
794 MaviedeCourgette Animation,Comedy,Drama ClaudeBarras 2016 66 7.8 4370 0.29 85
795 ManonaLedge Action,Crime,Thriller AsgerLeth 2012 102 6.6 129252 18.6 40
796 NoStringsAttached Comedy,Romance IvanReitman 2011 108 6.2 178243 70.63 50,
797 RescueDawn Adventure,Biography,Drama WernerHerzog 2006 120 7.3 87887 5.48 77
798 DespicableMe2 Animation,Adventure,Comedy PierreCoffin 2013 98 7.4 304837 368.05 62
799 AWalkAmongtheTombstones Crime,Drama,Mystery ScottFrank 2014 114 6.5 93883 25.98 57
800 TheWorld'sEnd Action,Comedy,Sci-Fi EdgarWright 2013 109 7 199813 26 81
801 YogaHosers Comedy,Fantasy,Horror KevinSmith 2016 88 4.3 7091 0 23
802 SevenPsychopaths Comedy,Crime MartinMcDonagh 2012 110 7.2 196652 14.99 66,
803 Beowulf Animation,Action,Adventure RobertZemeckis 2007 115 6.2 146566 82.16 59
804 JackRyan:ShadowRecruit Action,Drama,Thriller KennethBranagh 2014 105 6.2 103681 50.55 57
805 1408 Fantasy,Horror MikaelHafstram 2007 104 6.8 221073 71.98 64,
806 TheGambler Crime,Drama,Thriller RupertWyatt 2014 111 6 52537 33.63 55
807 PrinceofPersia:TheSandsofTime Action,Adventure,Fantasy MikeNewell 2010 116 6.6 233148 90.76 50
808 TheSpectacularNow Comedy,Drama,Romance JamesPonsoldt 2013 95 7.1 115751 6.85 82
809 AUnitedKingdom Biography,Drama,Romance AmmaAsante 2016 111 6.8 4771 3.9 65
810 USSIndianapolis:MenofCourage Action,Drama,History MarioVanPeebles 2016 128 5.2 4964 0 30
811 TurboKid Action,Adventure,Comedy FrancousSimard 2015 93 6.7 19309 0.05 60
812 Mama Horror,Thriller AndreaMuschietti 2013 100 6.2 142560 71.59 57,
813 Orphan Horror,Mystery,Thriller JaumeCollet-Serra 2009 123 7 153448 41.57 42
814 ToRomewithLove Comedy,Romance WoodyAllen 2012 112 6.3 72050 16.68 54,
815 FantasticMr.Fox Animation,Adventure,Comedy WesAnderson 2009 87 7.8 149779 21 83
816 InsideMan Crime,Drama,Mystery SpikeLee 2006 129 7.6 285441 88.5 76
817 I.T. Crime,Drama,Mystery JohnMoore 2016 95 5.4 8755 0 27
818 127Hours Adventure,Biography,Drama DannyBoyle 2010 94 7.6 294010 18.33 82
819 Annabelle Horror,Mystery,Thriller JohnR.Leonetti 2014 99 5.4 91106 84.26 37
820 WolvesattheDoor Horror,Thriller JohnR.Leonetti 2016 73 4.6 564 0 63,
821 SuiteFrancouaise Drama,Romance,War SaulDibb 2014 107 6.9 13711 0 0
822 TheImaginariumofDoctorParnassus Adventure,Fantasy,Mystery TerryGilliam 2009 123 6.8 130153 7.69 65
823 G.I.Joe:TheRiseofCobra Action,Adventure,Sci-Fi StephenSommers 2009 118 5.8 180105 150.17 32
824 Christine Biography,Drama AntonioCampos 2016 119 7 5855 0.3 72,
825 ManDown Drama,Thriller DitoMontiel 2015 90 5.8 4779 0 27,
826 Crawlspace Horror,Thriller PhilClaydon 2016 88 5.3 1427 0 25,
827 ShutIn Drama,Horror,Thriller FarrenBlackburn 2016 91 4.6 5715 6.88 0
828 TheWarriorsGate Action,Adventure,Fantasy MatthiasHoene 2016 108 5.3 1391 0 77
829 Grindhouse Action,Horror,Thriller RobertRodriguez 2007 191 7.6 160350 25.03 0
830 DisasterMovie Comedy JasonFriedberg 2008 87 1.9 77207 14.17 15,,
831 RockyBalboa Drama,Sport SylvesterStallone 2006 102 7.2 171356 70.27 63,
832 DiaryofaWimpyKid:DogDays Comedy,Family DavidBowers 2012 94 6.4 16917 49 54,
833 JaneEyre Drama,Romance CaryJojiFukunaga 2011 120 7.4 67464 11.23 76,
834 Fool'sGold Action,Adventure,Comedy AndyTennant 2008 112 5.7 62719 70.22 29
835 TheDictator Comedy LarryCharles 2012 83 6.4 225394 59.62 58,,
836 TheLoft Mystery,Romance,Thriller ErikVanLooy 2014 108 6.3 38804 5.98 24
837 Bacalaureat Crime,Drama CristianMungiu 2016 128 7.5 5531 0.13 84,
838 YouDon'tMesswiththeZohan Action,Comedy DennisDugan 2008 113 5.5 163144 100.02 54,
839 Exposed Crime,Drama,Mystery GeeMalikLinton 2016 102 4.2 8409 0 23
840 Maudie Biography,Drama,Romance AislingWalsh 2016 115 7.8 346 0 60
841 HorribleBosses2 Comedy,Crime SeanAnders 2014 108 6.3 125190 54.41 40,
842 ABiggerSplash Drama,Thriller LucaGuadagnino 2015 125 6.4 15232 1.98 74,
843 Melancholia Drama LarsvonTrier 2011 135 7.1 137117 3.03 80,,
844 ThePrincessandtheFrog Animation,Adventure,Comedy RonClements 2009 97 7.1 95480 104.37 73
845 Unstoppable Action,Thriller TonyScott 2010 98 6.8 157499 81.56 69,
846 Flight Drama,Thriller RobertZemeckis 2012 138 7.3 276347 93.75 76,
847 Home Animation,Adventure,Comedy TimJohnson 2015 94 6.7 77447 177.34 55
848 Lamiglioreofferta Crime,Drama,Mystery GiuseppeTornatore 2013 131 7.8 77986 0.09 49
849 MeanDreams Thriller NathanMorlando 2016 108 6.3 1066 0 64,,
850 42 Biography,Drama,Sport BrianHelgeland 2013 128 7.5 69659 95 62
851 21 Crime,Drama,Thriller RobertLuketic 2008 123 6.8 198395 81.16 48
852 BeginAgain Drama,Music JohnCarney 2013 104 7.4 111875 16.17 62,
853 OutoftheFurnace Crime,Drama,Thriller ScottCooper 2013 116 6.8 88829 11.33 63
854 VickyCristinaBarcelona Drama,Romance WoodyAllen 2008 96 7.1 208770 23.21 70,
855 KungFuPanda Animation,Action,Adventure MarkOsborne 2008 92 7.6 329788 215.4 73
856 Barbershop:TheNextCut Comedy,Drama MalcolmD.Lee 2016 111 5.9 9993 54.01 67,
857 TerminatorSalvation Action,Adventure,Drama McG 2009 115 6.6 297093 125.32 49
858 FreedomWriters Biography,Crime,Drama RichardLaGravenese 2007 123 7.5 55648 36.58 64
859 TheHillsHaveEyes Horror AlexandreAja 2006 107 6.4 136642 41.78 52,,
860 Changeling Biography,Drama,Mystery ClintEastwood 2008 141 7.8 206793 35.71 63
861 RememberMe Drama,Romance AllenCoulter 2010 113 7.2 119376 19.06 40,
862 Koenokatachi Animation,Drama,Romance NaokoYamada 2016 129 8.4 2421 0 80
863 AlexanderandtheTerribleDay Comedy,Family MiguelArteta 2014 81 6.2 32310 66.95 54,
864 Locke Drama StevenKnight 2013 85 7.1 100890 1.36 81,,
865 The9thLifeofLouisDrax Mystery,Thriller AlexandreAja 2016 108 6.3 6175 0 41,
866 Horns Drama,Fantasy,Horror AlexandreAja 2013 120 6.5 61060 0.16 46
867 Indignation Drama,Romance JamesSchamus 2016 110 6.9 7402 3.4 78,
868 TheStanfordPrisonExperiment Biography,Drama,History KylePatrickAlvarez 2015 122 6.9 20907 0.64 67
869 DiaryofaWimpyKid:RodrickRules Comedy,Family DavidBowers 2011 99 6.6 20194 52.69 51,
870 Mission:ImpossibleIII Action,Adventure,Thriller J.J.Abrams 2006 126 6.9 270429 133.38 66
871 EnmansomheterOve Comedy,Drama HannesHolm 2015 116 7.7 21569 3.36 70,
872 DragonballEvolution Action,Adventure,Fantasy JamesWong 2009 85 2.7 59512 9.35 45
873 RedDawn Action,Thriller DanBradley 2012 93 5.4 64584 44.8 31,
874 OneDay Drama,Romance LoneScherfig 2011 107 7 113599 13.77 48,
875 LifeasWeKnowIt Comedy,Drama,Romance GregBerlanti 2010 114 6.6 101301 53.36 39
876 28WeeksLater Drama,Horror,Sci-Fi JuanCarlos 2007 100 7 221858 28.64 78
877 WarmBodies Comedy,Horror,Romance JonathanLevine 2013 98 6.9 193579 66.36 59
878 BlueJasmine Drama WoodyAllen 2013 98 7.3 160592 33.4 78,,
879 G.I.Joe:Retaliation Action,Adventure,Sci-Fi JonM.Chu 2013 110 5.8 152145 122.51 41
880 WrathoftheTitans Action,Adventure,Fantasy JonathanLiebesman 2012 99 5.8 159230 83.64 37
881 ShinGojira Action,Adventure,Drama HideakiAnno 2016 120 6.9 8365 1.91 68
882 SavingMr.Banks Biography,Comedy,Drama JohnLeeHancock 2013 125 7.5 125693 83.3 65
883 Transcendence Drama,Mystery,Romance WallyPfister 2014 119 6.3 184564 23.01 42
884 Rio Animation,Adventure,Comedy CarlosSaldanha 2011 96 6.9 173919 143.62 63
885 Equals Drama,Romance,Sci-Fi DrakeDoremus 2015 101 6.1 16361 0.03 43
886 Babel Drama AlejandroGonzalez 2006 143 7.5 253417 34.3 69,,
887 TheTreeofLife Drama,Fantasy TerrenceMalick 2011 139 6.8 143517 13.3 85,
888 TheLuckyOne Drama,Romance ScottHicks 2012 101 6.5 82874 60.44 39,
889 Piranha3D Comedy,Horror,Thriller AlexandreAja 2010 88 5.5 75262 25 53
890 50/50 Comedy,Drama,Romance JonathanLevine 2011 100 7.7 281625 34.96 72
891 TheIntent Crime,Drama FemiOyeniran 2016 104 3.5 202 0 59,
892 ThisIs40 Comedy,Romance JuddApatow 2012 134 6.2 108156 67.52 0,
893 RealSteel Action,Drama,Family ShawnLevy 2011 127 7.1 264480 85.46 56
894 SexandtheCity Comedy,Drama,Romance MichaelPatrickKing 2008 145 5.5 102547 152.64 53
895 Rambo Action,Thriller,War SylvesterStallone 2008 92 7.1 187077 42.72 46
896 PlanetTerror Action,Comedy,Horror RobertRodriguez 2007 105 7.1 174553 0 55
897 Concussion Biography,Drama,Sport PeterLandesman 2015 123 7.1 61274 34.53 0
898 TheFall Adventure,Comedy,Drama TarsemSingh 2006 117 7.9 93036 2.28 64
899 TheUglyTruth Comedy,Romance RobertLuketic 2009 96 6.5 172558 88.92 28,
900 BrideWars Comedy,Romance GaryWinick 2009 89 5.5 83976 58.72 24,
901 SleepingwithOtherPeople Comedy,Drama,Romance LeslyeHeadland 2015 101 6.5 27730 0.81 64
902 SnakesonaPlane Action,Adventure,Crime DavidR.Ellis 2006 105 5.6 118905 34.01 58
903 WhatIf Comedy,Romance MichaelDowse 2013 98 6.8 55243 3.45 59,
904 HowtoTrainYourDragon2 Animation,Action,Adventure DeanDeBlois 2014 102 7.9 237565 177 76
905 RoboCop Action,Crime,Sci-Fi JosePadilha 2014 117 6.2 190833 58.61 52
906 InDubiousBattle Drama JamesFranco 2016 110 6.2 1455 0 43,,
907 HelloMyNameIsDoris Comedy,Drama,Romance MichaelShowalter 2015 95 6.7 12361 14.44 63
908 Ocean'sThirteen Crime,Thriller StevenSoderbergh 2007 122 6.9 269581 117.14 62,
909 Slither Comedy,Horror,Sci-Fi JamesGunn 2006 95 6.5 64351 7.77 69
910 Contagion Drama,Thriller StevenSoderbergh 2011 106 6.6 187004 75.64 70,
911 Ilraccontodeiracconti-TaleofTales Drama,Fantasy,Horror MatteoGarrone 2015 133 6.4 17565 0.08 72
912 IAmthePrettyThingThatLivesintheHouse Thriller OzPerkins 2016 87 4.7 4204 0 68,,
913 BridgetoTerabithia Adventure,Drama,Family GaborCsupo 2007 96 7.2 117297 82.23 74
914 Coherence Mystery,Sci-Fi,Thriller JamesWardByrkit 2013 89 7.2 66265 0.07 65
915 Notorious Biography,Crime,Drama GeorgeTillmanJr. 2009 122 6.7 33007 36.84 60
916 Goksung Drama,Fantasy,Horror Hong-jinNa 2016 156 7.5 17962 0.79 81
917 TheExpendables2 Action,Adventure,Thriller SimonWest 2012 103 6.6 257395 85.02 51
918 TheGirlNextDoor Crime,Drama,Horror GregoryWilson 2007 91 6.7 19351 0 29
919 Perfume:TheStoryofaMurderer Crime,Drama,Fantasy TomTykwer 2006 147 7.5 199387 2.21 56
920 TheGoldenCompass Adventure,Family,Fantasy ChrisWeitz 2007 113 6.1 155078 70.08 51
921 Centurion Action,Adventure,Drama NeilMarshall 2010 97 6.4 67801 0.12 62
922 ScoutsGuidetotheZombieApocalypse Action,Comedy,Horror ChristopherLandon 2015 93 6.3 31651 3.64 32
923 17Again Comedy,Drama,Family BurrSteers 2009 102 6.4 152808 64.15 48
924 NoEscape Action,Thriller JohnErickDowdle 2015 103 6.8 57921 27.29 38,
925 SupermanReturns Action,Adventure,Sci-Fi BryanSinger 2006 154 6.1 246797 200.07 72
926 TheTwilightSaga:BreakingDawn-Part1 Adventure,Drama,Fantasy BillCondon 2011 117 4.9 190244 281.28 45
927 Precious Drama LeeDaniels 2009 110 7.3 91623 47.54 79,,
928 TheSeaofTrees Drama GusVanSant 2015 110 5.9 7475 0.02 23,,
929 GoodKids Comedy ChrisMcCoy 2016 86 6.1 3843 0 86,,
930 TheMaster Drama PaulThomasAnderson 2012 144 7.1 112902 16.38 0,,
931 Footloose Comedy,Drama,Music CraigBrewer 2011 113 5.9 39380 51.78 58
932 IfIStay Drama,Fantasy,Music R.J.Cutler 2014 107 6.8 92170 50.46 46
933 TheTicket Drama IdoFluk 2016 97 5.4 924 0 52,,
934 Detour Thriller ChristopherSmith 2016 97 6.3 2205 0 46,,
935 TheLoveWitch Comedy,Horror AnnaBiller 2016 120 6.2 4669 0.22 82,
936 TalladegaNights:TheBalladofRickyBobby Action,Comedy,Sport AdamMcKay 2006 108 6.6 137502 148.21 66
937 TheHumanCentipede(FirstSequence) Horror TomSix 2009 92 4.4 60655 0.18 33,,
938 Super Comedy,Drama JamesGunn 2010 96 6.8 64535 0.32 50,
939 TheSiegeofJadotville Action,Drama,Thriller RichieSmyth 2016 108 7.3 14689 0 83
940 UpintheAir Drama,Romance JasonReitman 2009 109 7.4 279694 83.81 0,
941 TheMidnightMeatTrain Horror,Mystery RyAheiKitamura 2008 98 6.1 50255 0.07 58,
942 TheTwilightSaga:Eclipse Adventure,Drama,Fantasy DavidSlade 2010 124 4.9 192740 300.52 58
943 Transpecos Thriller GregKwedar 2016 86 5.8 1292 0 73,,
944 What'sYourNumber, Comedy,Romance MarkMylod 2011 106 6.1 62095 13.99 35
945 Riddick Action,Sci-Fi,Thriller DavidTwohy 2013 119 6.4 132098 42 49
946 Triangle Fantasy,Mystery,Thriller ChristopherSmith 2009 99 6.9 72533 0 66
947 TheButler Biography,Drama LeeDaniels 2013 132 7.2 93322 116.63 0,
948 KingCobra Crime,Drama JustinKelly 2016 91 5.6 3990 0.03 48,
949 AfterEarth Action,Adventure,Sci-Fi M.NightShyamalan 2013 100 4.9 166512 60.52 33
950 Kicks Adventure JustinTipping 2016 80 6.1 2417 0.15 69,,
951 MeandEarlandtheDyingGirl Comedy,Drama AlfonsoGomez-Rejon 2015 105 7.8 92076 6.74 74,
952 TheDescendants Comedy,Drama AlexanderPayne 2011 115 7.3 211348 82.62 84,
953 SexandtheCity2 Comedy,Drama,Romance MichaelPatrickKing 2010 146 4.3 62403 95.33 27
954 TheKingsofSummer Adventure,Comedy,Drama JordanVogt-Roberts 2013 95 7.2 65653 1.29 61
955 DeathRace Action,Sci-Fi,Thriller PaulW.S.Anderson 2008 105 6.4 173731 36.06 43
956 ThatAwkwardMoment Comedy,Romance TomGormican 2014 94 6.2 81823 26.05 36,
957 Legion Action,Fantasy,Horror ScottStewart 2010 100 5.2 84158 40.17 32
958 EndofWatch Crime,Drama,Thriller DavidAyer 2012 109 7.7 192190 40.98 68
959 3DaystoKill Action,Drama,Thriller McG 2014 117 6.2 73567 30.69 40
960 LuckyNumberSlevin Crime,Drama,Mystery PaulMcGuigan 2006 110 7.8 271940 22.49 53
961 Trance Crime,Drama,Mystery DannyBoyle 2013 101 7 97141 2.32 61
962 IntotheForest Drama,Sci-Fi,Thriller PatriciaRozema 2015 101 5.9 10220 0.01 59
963 TheOtherBoleynGirl Biography,Drama,History JustinChadwick 2008 115 6.7 88260 26.81 50
964 ISpitonYourGrave Crime,Horror,Thriller StevenR.Monroe 2010 108 6.3 60133 0.09 27
965 Custody Drama JamesLapine 2016 104 6.9 280 0 72,,
966 InlandEmpire Drama,Mystery,Thriller DavidLynch 2006 180 7 44227 0 0
967 L'odyssae Adventure,Biography JairemeSalle 2016 122 6.7 1810 0 70,
968 TheWalk Adventure,Biography,Crime RobertZemeckis 2015 123 7.3 92378 10.14 0
969 Wrecker Action,Horror,Thriller MichealBafaro 2015 83 3.5 1210 0 37
970 TheLoneRanger Action,Adventure,Western GoreVerbinski 2013 150 6.5 190855 89.29 0
971 TexasChainsaw3D Horror,Thriller JohnLuessenhop 2013 92 4.8 37060 34.33 62,
972 Disturbia Drama,Mystery,Thriller D.J.Caruso 2007 105 6.9 193491 80.05 0
973 RockofAges Comedy,Drama,Musical AdamShankman 2012 123 5.9 64513 38.51 47
974 Scream4 Horror,Mystery WesCraven 2011 111 6.2 108544 38.18 52,
975 QueenofKatwe Biography,Drama,Sport MiraNair 2016 124 7.4 6753 8.81 73
976 MyBigFatGreekWedding2 Comedy,Family,Romance KirkJones 2016 94 6 20966 59.57 37
977 DarkPlaces Drama,Mystery,Thriller GillesPaquet-Brenner 2015 113 6.2 31634 0 39
978 AmateurNight Comedy LisaAddario 2016 92 5 2229 0 38,,
979 It'sOnlytheEndoftheWorld Drama XavierDolan 2016 97 7 10658 0 48,,
980 TheSkinILiveIn Drama,Thriller PedroAlmodavar 2011 120 7.6 108772 3.19 70,
981 MiraclesfromHeaven Biography,Drama,Family PatriciaRiggen 2016 109 7 12048 61.69 44
982 Annie Comedy,Drama,Family WillGluck 2014 118 5.3 27312 85.91 33
983 AcrosstheUniverse Drama,Fantasy,Musical JulieTaymor 2007 133 7.4 95172 24.34 56
984 Let'sBeCops Comedy LukeGreenfield 2014 104 6.5 112729 82.39 30,,
985 Max Adventure,Family BoazYakin 2015 111 6.8 21405 42.65 47,
986 YourHighness Adventure,Comedy,Fantasy DavidGordonGreen 2011 102 5.6 87904 21.56 31
987 FinalDestination5 Horror,Thriller StevenQuale 2011 92 5.9 88000 42.58 50,
988 EndlessLove Drama,Romance ShanaFeste 2014 104 6.3 33688 23.39 30,
989 Martyrs Horror PascalLaugier 2008 99 7.1 63785 0 89,,
990 Selma Biography,Drama,History AvaDuVernay 2014 128 7.5 67637 52.07 0
991 Underworld:RiseoftheLycans Action,Adventure,Fantasy PatrickTatopoulos 2009 92 6.6 129708 45.8 44
992 TaareZameenPar Drama,Family,Music AamirKhan 2007 165 8.5 102697 1.2 42
993 TakeMeHomeTonight Comedy,Drama,Romance MichaelDowse 2011 97 6.3 45419 6.92 0
994 ResidentEvil:Afterlife Action,Adventure,Horror PaulW.S.Anderson 2010 97 5.9 140900 60.13 37
995 ProjectX Comedy NimaNourizadeh 2012 88 6.7 164088 54.72 48,,
996 SecretinTheirEyes Crime,Drama,Mystery BillyRay 2015 111 6.2 27585 0 45
997 Hostel:PartII Horror EliRoth 2007 94 5.5 73152 17.54 46,,
998 StepUp2:TheStreets Drama,Music,Romance JonM.Chu 2008 98 6.2 70699 58.01 50
999 SearchParty Adventure,Comedy ScotArmstrong 2014 93 5.6 4881 0 22,
1000 NineLives Comedy,Family,Fantasy BarrySonnenfeld 2016 87 5.3 12435 19.64 11
